Course1,http://OvUZugAJwq.com,-6456589821301352116,paramedic,College37
Course2,http://o5EP5bhE36R8tQ.com,2748256243807098685,web developer,Software95
Course3,http://2Bci5QJ.com,7672133414598942506,electrician,Department3
Course4,http://hRkhC5VbOaic.com,8173442166373696700,programmer,Professor7
Course5,http://XfOgWxI.com,-3750906563384372491,florist,Dean11
Course6,http://GMzJO6c8Q.com,-6474224841913836012,construction worker,Work50
Course7,http://sTHA5zhRXhTu.com,890479381925337410,fitness instructor,Employee43
Course8,http://XXycx.com,-6722186791471874742,cosmetician,JournalArticle11
Course9,http://WVUmZ.com,2389681750312167919,engineer,Person265
Course10,http://8fClLILsa.com,-8041178688643303753,dentist,Research183
Course11,http://PovFmO0E.com,400736337624799309,undertaker,SystemsStaff3
Course12,http://dyKB6nXhkIaOFxd.com,5130655621044425676,gardener,AssistantProfessor11
Course13,http://jKxPljtaicZp9cr.com,2763596296440858281,fitness instructor,ClericalStaff9
Course14,http://OUkZyvDuCh1vL.com,3803027147367595175,chef,Publication152
Course15,http://Rs3fg8tHGZi7igr.com,3527765347248275443,jounalist,ResearchAssistant32
Course16,http://LQrXxatWZdsr.com,8072372767281276959,computer specialist,Course1
Course17,http://sJzObEkpJD.com,-5902076075829894177,fitness instructor,GraduateCourse30
Course18,http://eSPAXugzE.com,2638254148659542373,truck driver,Organization1
Course19,http://3Zqyy.com,-5588153661876778982,construction worker,College24
Course20,http://8jsvlYscIqcJf9.com,-8000646000572618888,cosmetician,ClericalStaff7
Course21,http://NXbL8A88lpTMAl.com,-1066782566236576825,coach,Course27
Course22,http://aA1CcotAYYc.com,-7653929580450571975,systems administrator,VisitingProfessor14
Course23,http://Z6H7xbn6.com,5063031546879236780,chef,Professor15
Course24,http://a9QoKh5kKuNdfuW.com,2521932609371320088,secretary,Lecturer5
Course25,http://2qUou.com,3110389385927767765,physiotherapist,Professor18
Course26,http://EaiPumfYR2kahl.com,-1864146485977618730,childcare assistant,Article38
Course27,http://1KRF2Xr.com,-7048913604025164083,paramedic,Manual22
Course28,http://Ip2uyFYEJeROO.com,5561834495400965599,cosmetician,Chair2
Course29,http://uvEQpxWvaoONNHa.com,-5307013052756587006,bus driver,GraduateStudent120
Course30,http://XwwcaV.com,5653807864101345185,chemist,Software98
Course31,http://RAtuuLP.com,-3588362566708691525,chef,Specification18
Course32,http://LaX9kPf.com,466960704247734074,customer adviser,AssociateProfessor16
Course33,http://vEQpwBcN4U.com,7878889855168177535,caretaker,Research11
Course34,http://2bingYI.com,5205681588168797365,electrician,Organization1
Course35,http://7SSv9lPxtBnK.com,-6124444312754680851,make-up artist,Faculty12
Course36,http://QSebDvvdjo1n9c.com,-7233576098394879659,taxi/cab driver,Lecturer48
Course37,http://8FyIA4Y.com,-3744437065015292369,tiler,Software39
Course38,http://xkYy38YUpKqaC.com,783650753889767634,fitness instructor,Lecturer1
Course39,http://I5jUQeIz.com,3590783413469518206,secretary,Specification4
Course40,http://asBm30MrU.com,-4298339626003112887,systems analyst,University1
