Employee1,66,myra.spannbauer@gmail.com,http://Schg0.com,-4653519532514994348,5023773700124877082,Myra Spannbauer,Marylynne Berek,University1,Publication37,Professor17,Organization1,University1,University1,Department5,Organization1,University1
Employee2,38,marylynne.purnell@netdove.net,http://mST0I.com,-6968139292537543904,1967755599700488228,Marylynne Purnell,Tova Stamboulie,University1,Book13,FullProfessor11,Program9,University1,University1,Organization1,University1,University1
Employee3,39,tian.pena@gmail.com,http://VKhxoq.com,5112108591967446911,-5650821682827505751,Tian Pena,Cordey Loker,University1,Person403,Professor12,College14,University1,University1,University1,Program16,University1
Employee4,43,ellene.mcmanus@hotmail.com,http://Q8yxbltE.com,-4089629984994967026,-6550305829255790804,Ellene McManus,Konstance Micucci,University1,Lecturer51,AssistantProfessor7,Department3,University1,University1,Program11,Program18,University1
Employee5,44,iteam.elkington@gmx.net,http://YbyI65ufO.com,7710493431379283088,1270754701363406644,Iteam Elkington,Cherin Doyle,University1,JournalArticle107,Chair6,Institute18,University1,University1,Organization1,Organization1,University1
Employee6,22,giuseppe.gilliland@rocketmail.com,http://6daAYQ3P.com,-6975980805495573995,-3877513870044735940,Giuseppe Gilliland,Teressa Barrington,University1,SystemsStaff4,AssociateProfessor16,Organization1,University1,University1,Organization1,Program8,University1
Employee7,47,lorita.leistico@netdove.net,http://VjCJU.com,1393296580423455093,-9042882017415380931,Lorita Leistico,Partick Heurich,University1,Software80,FullProfessor1,Program9,University1,University1,College33,Department5,University1
Employee8,41,patt.whittingham@mail.com,http://bYjEpncYWRgJhYd.com,-1938537484114661270,-2738725299263138576,Patt Whittingham,Natassja Krym,University1,TechnicalReport24,Dean10,College20,University1,University1,ResearchGroup3,College72,University1
Employee9,36,betty-ann.howard@rocketmail.com,http://eBADNboKU.com,-5308271510866972929,8621999390075510763,Betty-Ann Howard,Edyta Goins,University1,Professor1,AssociateProfessor3,Organization1,University1,University1,ResearchGroup7,Department7,University1
Employee10,48,hettie.fenez@gmail.com,http://a6Pikq.com,4767363575675087963,-586474622617861130,Hettie Fenez,Agnesse Mauney,University1,UndergraduateStudent147,Chair9,Organization1,University1,University1,Program10,College57,University1
Employee11,24,william.bartra@mail.com,http://cuSHiUTCfjMh4.com,6827487432599719919,3193410390581028341,William Bartra,Kerstin Worobey,University1,Department7,AssociateProfessor5,University1,University1,University1,ResearchGroup3,Institute10,University1
Employee12,37,hillary.vanderboom@rocketmail.com,http://0OaTqOI.com,-3083355421678154397,-277333533646146711,Hillary VanDerBoom,Kimmie Sprunger,University1,ResearchGroup8,Dean16,Program1,University1,University1,Institute18,Institute20,University1
Employee13,63,sherill.madan@hush.com,http://i5pvNtzeb.com,-8459429029171603272,-5733524948144990505,Sherill Madan,Constantina Fickes,University1,ResearchGroup6,Chair15,University1,University1,University1,Organization1,Department1,University1
Employee14,47,subu.iacovo@fastmail.com,http://XX1S3ensvfxFTz.com,6318219214524581858,-3148729582662015095,Subu Iacovo,Nagaraj Holesinger,University1,Person487,FullProfessor5,ResearchGroup6,University1,University1,ResearchGroup15,Institute8,University1
Employee15,46,brande.libov@fastmail.com,http://GnHEH4.com,8488334496229119273,23725163992437640,Brande Libov,Lisette Bice,University1,Department7,FullProfessor15,College34,University1,University1,Institute12,Organization1,University1
Employee16,44,allyson.herscovitch@outlook.com,http://u7AXXjGkE.com,7521454920614154915,-8329192485303576806,Allyson Herscovitch,Betta Olsen,University1,Chair11,Chair8,University1,University1,University1,Institute9,Department4,University1
Employee17,33,fariborz.blazer@outlook.com,http://mqzNYvmcWhslNT6.com,588341910364199122,-8272319142418120262,Fariborz Blazer,Scot Raddalgoda,University1,ConferencePaper89,AssistantProfessor2,University1,University1,University1,University1,Department6,University1
Employee18,28,garnet.pappu@gmail.com,http://IQULPeb39RDdgy.com,-249550646715297297,7868654159049292017,Garnet Pappu,Kessley Phung,University1,JournalArticle26,VisitingProfessor10,Program8,University1,University1,Program18,University1,University1
Employee19,28,niel.mcclellan@mail.com,http://HFhI2iQI6CY8.com,5512627442120804461,2994292491096170611,Niel McClellan,Magdalena Puryear,University1,AdministrativeStaff26,AssociateProfessor7,ResearchGroup9,University1,University1,Department4,Organization1,University1
Employee20,35,avaz.burdett@mail.com,http://jTyIUu.com,-1720690190576355445,2253696764476422801,Avaz Burdett,Yudy Zaharychuk,University1,GraduateStudent182,AssistantProfessor24,Program10,University1,University1,University1,Organization1,University1
Employee21,48,gayle.schreiber@hotmail.com,http://EtEjoIERUx.com,-6899165344850569410,2071098797875031101,Gayle Schreiber,Ianthe Montero,University1,Program11,AssistantProfessor3,Organization1,University1,University1,College3,ResearchGroup10,University1
Employee22,23,evan.bolli@gmx.net,http://tiCOYnIdDvxXK.com,1176450613003791980,8220068752660193565,Evan Bolli,Dayton Kotval,University1,Publication38,Chair9,Organization1,University1,University1,College21,Institute1,University1
Employee23,8,gerri.gerbec@mail.com,http://Jv5xoH2.com,-4329130668045514121,-6163214980600520567,Gerri Gerbec,Sibley Cupido,University1,Work68,Chair9,University1,University1,University1,Institute4,Organization1,University1
Employee24,53,gerrit.phillips@rocketmail.com,http://ZG3pHMvCN6.com,1010778875845460741,2995911646087060470,Gerrit Phillips,Fwp Ives,University1,VisitingProfessor2,AssociateProfessor9,Institute13,University1,University1,Institute7,University1,University1
Employee25,66,marjo.waloff@msn.com,http://hgeIfQEEOXi.com,1929511141798491167,7054368427069155668,Marjo Waloff,Shyoko Braun,University1,Faculty11,AssociateProfessor7,Institute18,University1,University1,Organization1,University1,University1
Employee26,38,horatia.ameen@rocketmail.com,http://M5ENxQDN9okkpoK.com,3295907572490481179,4038578706333676971,Horatia Ameen,Lezlie Maglione,University1,AssociateProfessor2,FullProfessor12,ResearchGroup15,University1,University1,University1,Institute10,University1
Employee27,38,erwin.darroch@yahoo.com,http://r9vODv6V.com,-4659128640774009118,-5857715688550961740,Erwin Darroch,King-Haut Shannon,University1,Publication66,VisitingProfessor5,Program6,University1,University1,Institute16,Program12,University1
Employee28,46,jennette.vo@live.com,http://lIJuRwQ.com,-1404519004242807092,-8818134422804664417,Jennette VO,Gypsy Kendi,University1,ResearchAssistant50,Chair7,Program11,University1,University1,ResearchGroup11,University1,University1
Employee29,44,piper.hakansson@rocketmail.com,http://fp87G8H3kjJSAT.com,-6953788847597028632,5021890107080118023,Piper Hakansson,Belissa Camirand,University1,PostDoc22,Chair4,University1,University1,University1,ResearchGroup15,Program17,University1
Employee30,65,carlton.reeder@rocketmail.com,http://WN2M0.com,7890680363050607193,-386876133146465578,Carlton Reeder,Claudine Brading,University1,VisitingProfessor11,AssociateProfessor2,College52,University1,University1,ResearchGroup5,Department6,University1
Employee31,61,loc.waddington@aim.com,http://DYhhmESW.com,7192079009281750336,-6468619073181985870,Loc Waddington,Roxane Macpost,University1,VisitingProfessor5,FullProfessor9,College83,University1,University1,University1,University1,University1
Employee32,3,reinhard.guy-arbour@gmx.net,http://rDCsCq.com,9023222619502746468,91736264900450437,Reinhard Guy-Arbour,Geety KleynenbergNTMVAB,University1,Student169,VisitingProfessor3,University1,University1,University1,Institute8,Program4,University1
Employee33,31,myrle.gur-arie@aol.com,http://SCxG6zy.com,4118299525654528556,9199158332959849475,Myrle Gur-Arie,Prissie Boyachek,University1,ResearchAssistant26,Chair15,Institute13,University1,University1,Program3,ResearchGroup4,University1
Employee34,42,carmon.cordell@hush.com,http://SsW7PHzZeE3.com,-2818983198539901222,-5386844152397740488,Carmon Cordell,Debby Stepler,University1,UnofficialPublication30,AssociateProfessor18,University1,University1,University1,Institute1,University1,University1
Employee35,28,rachele.hotline@aol.com,http://wCyNmVBMA.com,1641064330527244808,-7313816162248938205,Rachele Hotline,Gabbi Hupe,University1,Director15,AssistantProfessor21,Organization1,University1,University1,Institute14,Department1,University1
Employee36,37,lurette.luna@mail.com,http://y3GzyKDo8r.com,-1580657050636271361,-4452094321677051628,Lurette Luna,Almeta Loveland,University1,UnofficialPublication23,Chair7,Institute15,University1,University1,Institute20,University1,University1
Employee37,48,eiji.mcmullin@hotmail.com,http://PGs3pk3Z.com,-4349859239649561853,7446176051347089517,Eiji McMullin,Maurizia Charest,University1,Software32,AssistantProfessor23,ResearchGroup2,University1,University1,Program6,ResearchGroup6,University1
Employee38,25,achamma.damerji@outlook.com,http://2VsflRC1hQD.com,8890348343464128402,-1144201749234444620,Achamma Damerji,Caresa McTaggart,University1,Faculty11,FullProfessor25,Program1,University1,University1,Institute1,University1,University1
Employee39,29,yau-fun.koziol@aol.com,http://Spg6A.com,-3723165125134270546,-3509905579996145153,Yau-Fun Koziol,Vitia Hadel,University1,Article34,FullProfessor4,Department1,University1,University1,Organization1,ResearchGroup10,University1
Employee40,66,kacie.gillot@msn.com,http://y7PJJouV.com,-7166894554508264909,766602575727744888,Kacie Gillot,Charleen Hills,University1,Manual64,AssociateProfessor2,College74,University1,University1,Program12,Program12,University1
Employee41,61,jacklin.birkett@aim.com,http://u36L821dp.com,-1485838347341194347,2797356873533630111,Jacklin Birkett,Kumar Duplan,University1,Person271,Professor16,College100,University1,University1,Institute14,Institute4,University1
Employee42,59,hock.francis@hotmail.com,http://gyDalzQ3fdTX7G.com,-7972841743049339921,2358403426585718214,Hock Francis,Lizabeth Amstutz,University1,Organization1,FullProfessor14,Program17,University1,University1,ResearchGroup11,University1,University1
Employee43,21,mercedes.hernandez@live.com,http://Wyarnaivn8HiP.com,-1178323526773235216,-4655537279919271241,Mercedes Hernandez,Claresta Izzo,University1,Work41,FullProfessor12,Institute13,University1,University1,Department6,College91,University1
Employee44,21,yevette.vilayil@fastmail.com,http://7Ie4J4.com,943761881085875357,165892988436836649,Yevette Vilayil,Cathyleen Rahal,University1,Person445,AssociateProfessor6,Organization1,University1,University1,ResearchGroup1,University1,University1
Employee45,48,bin.birk@rocketmail.com,http://ujgFe.com,-7252370471102274129,-6419069088594368095,Bin Birk,Anabella Tseng,University1,UndergraduateStudent172,AssociateProfessor11,ResearchGroup14,University1,University1,Organization1,Program2,University1
Employee46,22,ramses.shunmugam@yahoo.com,http://pxn2pP.com,-5725695232885839056,6483835258965848537,Ramses Shunmugam,Selie Boocock,University1,Organization1,Dean14,College47,University1,University1,Institute14,Organization1,University1
Employee47,64,rosalia.cuthbert@gmx.net,http://jgGh4BxUc.com,-332336781199421476,2741329789179864610,Rosalia Cuthbert,Tabby Pusztai,University1,JournalArticle61,FullProfessor17,Institute9,University1,University1,Institute20,College9,University1
Employee48,41,jessamine.townsel@hotmail.com,http://9iayOicNfQ.com,3147435599469792091,135910358347980415,Jessamine Townsel,Alicia Kulachandran,University1,University1,Professor13,Program3,University1,University1,University1,Institute20,University1
Employee49,27,anett.zaid@gmail.com,http://qnwNo2kc6.com,8291870187289127489,-8311423037144706312,Anett Zaid,Henk Ramondt,University1,AssociateProfessor10,Chair14,Program14,University1,University1,Department3,Institute10,University1
Employee50,41,dori.boucouris@outlook.com,http://adJxRljP.com,548110876323449030,-696577928051727702,Dori Boucouris,Katlin Elbeze,University1,Chair6,AssistantProfessor6,University1,University1,University1,Organization1,College56,University1
Employee51,40,jenica.knighten@gmx.net,http://Asqcssq.com,-1875172423301934725,4960168467085798560,Jenica Knighten,Shandee Craycraft,University1,Department2,Professor3,College7,University1,University1,Department3,Program4,University1
Employee52,20,grete.hatchett@gmx.net,http://bUQTzPwm6mxcr.com,4336076040013682241,-387474977267767549,Grete Hatchett,Manas Ashworth,University1,Book9,FullProfessor5,Organization1,University1,University1,Program20,Department3,University1
Employee53,9,natascha.hoyt@hush.com,http://M0uCybM.com,5389028651644043178,4255478034789563572,Natascha Hoyt,Sharity Laine,University1,University1,AssistantProfessor14,Department7,University1,University1,College23,University1,University1
Employee54,46,diamond.rodriques@yahoo.com,http://i1m7o8wydB3c6Y.com,-463474842421133552,-7629292595965953977,Diamond Rodriques,Chi Kolski,University1,ConferencePaper198,Dean12,Institute2,University1,University1,Organization1,ResearchGroup1,University1
Employee55,51,kaitlynn.mihara@gmx.net,http://us0D9BVaRtgO.com,-8707457441638111115,5168644433906851310,Kaitlynn Mihara,Orlyn Clost,University1,Schedule15,Professor5,Institute18,University1,University1,Organization1,ResearchGroup11,University1
Employee56,42,trever.roldan@mail.com,http://0Jbn0eFiO4.com,-8230752538284371761,3565051527519920011,Trever Roldan,Namrata Grohovsky,University1,AssistantProfessor9,Dean13,College29,University1,University1,Organization1,Organization1,University1
Employee57,34,gedas.esguerra@mail.com,http://rhvxL0hi26.com,-1244590265134418410,7089442700664833911,Gedas Esguerra,Shawna Burnage,University1,University1,Professor11,College16,University1,University1,Institute7,ResearchGroup3,University1
Employee58,41,adora.wingate@outlook.com,http://JIoY86K6fr86nS9.com,-9223057428709645068,8905379617656057172,Adora Wingate,Anader Mau,University1,GraduateCourse2,FullProfessor23,Department7,University1,University1,Program11,Department5,University1
Employee59,38,lubomir.senten@fastmail.com,http://0BdtjW.com,-8381826936849465607,-1552139722959721041,Lubomir Senten,Traci Hailey,University1,College45,VisitingProfessor7,Program15,University1,University1,Program12,Organization1,University1
Employee60,59,lesley.dignam@gmail.com,http://RLtae3.com,8758091204842410932,996873593219430329,Lesley Dignam,Adelia Pearcy,University1,UndergraduateStudent103,VisitingProfessor3,Program8,University1,University1,Institute19,University1,University1
Employee61,34,evaleen.deugo@outlook.com,http://aHPvmw09XjZ0Xkc.com,1933712230330711313,8596914640347807227,Evaleen Deugo,Srinivas Menaker,University1,Manual18,Chair4,College51,University1,University1,University1,Institute18,University1
Employee62,44,madonna.dobbins@msn.com,http://6kAE6zGab51lCvT.com,-6200151787014994345,-7273931388575318690,Madonna Dobbins,Phillis Kelly,University1,Lecturer50,Chair5,College21,University1,University1,College24,College60,University1
Employee63,47,digby.michalos@yahoo.com,http://Z8cQa4N.com,7195676025003671508,-8538945217932462674,Digby Michalos,Luelle Wares,University1,College63,Dean17,Institute1,University1,University1,Institute1,Institute8,University1
Employee64,31,madalena.bonnefoy@safe-mail.net,http://UCg7V97DuzOZG7.com,5156455093315079378,-8472077659252404380,Madalena Bonnefoy,National Didio-Duggan,University1,Organization1,FullProfessor4,Department1,University1,University1,Program13,Organization1,University1
Employee65,31,merrily.eales@msn.com,http://UtTARIQ.com,1436756648265870966,7066097872818118964,Merrily Eales,Katerine Starzman,University1,Faculty6,Dean19,College59,University1,University1,Department2,College13,University1
Employee66,59,alexine.childree@fastmail.com,http://faiC5.com,-6294086044853329393,6142218991150922495,Alexine Childree,Selia Terakado,University1,Employee57,Professor10,Program16,University1,University1,College14,ResearchGroup1,University1
Employee67,26,nico.mooder@hotmail.com,http://m5nzgBzllgq.com,5192611503765666388,5108868054273505913,Nico Mooder,Nermana Keuning,University1,Software22,Chair4,ResearchGroup11,University1,University1,University1,ResearchGroup11,University1
Employee68,68,inam.sells@mail.com,http://dqcerxC8ya5wX0.com,6056891920826834707,-8574325316079357900,Inam Sells,Bhal Marshaus,University1,Manual27,FullProfessor15,ResearchGroup7,University1,University1,Institute5,Organization1,University1
Employee69,31,seang.chouhan@msn.com,http://OmFQacOxIhjH.com,-6621862805100358105,-6131556283624212385,Seang Chouhan,Quoc Chee,University1,Institute7,FullProfessor15,Institute7,University1,University1,College70,Program17,University1
Employee70,45,arabel.ntelpac@aim.com,http://5YqCMx.com,-7699570808915054270,-6527138600941777829,Arabel Ntelpac,Steffie Bentley,University1,GraduateCourse16,AssistantProfessor2,University1,University1,University1,Department3,Program1,University1
Employee71,23,jobina.partovi@msn.com,http://l1E3d4NS0U.com,4361271379165478879,5263824026543360366,Jobina Partovi,Susie Manning,University1,Publication154,Chair8,Program11,University1,University1,Program4,Department4,University1
Employee72,37,katie.ully@outlook.com,http://3dmYujWw7m.com,-1923814349460312585,1926208892603559521,Katie Ully,Wandis Jantz-Lee,University1,Manual79,AssociateProfessor17,Program2,University1,University1,Organization1,Institute2,University1
Employee73,31,ringo.demers@safe-mail.net,http://36nLkHsYN9s.com,-5481641101255693985,8525594318615835741,Ringo Demers,Jillian Tranfaglia,University1,Program2,Dean10,Organization1,University1,University1,University1,ResearchGroup9,University1
Employee74,54,hr.toly@gmx.net,http://qA3bwa.com,7671333510390922795,222362796425010370,Hr Toly,Madalene Borman,University1,Specification12,AssociateProfessor9,University1,University1,University1,Program9,Department7,University1
Employee75,53,ilona.dupuis@aol.com,http://hc49YLADccfKeVM.com,-7026479346275669309,-3857262109682154608,Ilona DuPuis,Kingsley User,University1,Manual62,Dean10,Organization1,University1,University1,ResearchGroup13,Department3,University1
Employee76,54,vonni.nicholas@outlook.com,http://daGfmIUfwy.com,7482270399185302182,1124926346503499964,Vonni Nicholas,Barton Rognlie,University1,SystemsStaff7,AssociateProfessor17,Institute16,University1,University1,College26,ResearchGroup6,University1
Employee77,44,beryl.lancaster@aol.com,http://aoV2e3.com,-8496505812014202431,-852936270818460432,Beryl Lancaster,Delores Marcus,University1,TechnicalReport42,AssistantProfessor11,Organization1,University1,University1,Institute8,Department3,University1
Employee78,25,nisse.moreno@netdove.net,http://6uSxvmRMsEYx.com,1388069038578842861,-4557512294421698071,Nisse Moreno,Grete Goddette,University1,Schedule14,Dean14,ResearchGroup13,University1,University1,ResearchGroup1,College63,University1
Employee79,61,ricca.ko@hotmail.com,http://EtQT435uyKwmkIY.com,8812413583185102791,-4481137484991534856,Ricca Ko,Daniella Malisic,University1,College92,Dean17,Organization1,University1,University1,Program18,Organization1,University1
Employee80,46,henriette.d'andrea@rocketmail.com,http://i5OZLbSd.com,2571579176484787446,6502747529924926166,Henriette D'Andrea,Anne-marie Parmaksezian,University1,PostDoc14,FullProfessor24,Organization1,University1,University1,ResearchGroup4,ResearchGroup4,University1
Employee81,55,ursula.mundi@aol.com,http://nioH2UqrpVBW.com,-8748237042599095725,-2614218323027322603,Ursula Mundi,Julianna Colwell,University1,ConferencePaper129,Dean16,Department1,University1,University1,Organization1,University1,University1
Employee82,52,florina.loux@gmx.net,http://acWHvuqWiech5G.com,-5644567031714774093,-4250524888822127112,Florina Loux,Laurice Lecours,University1,College9,AssociateProfessor1,Department7,University1,University1,University1,ResearchGroup9,University1
Employee83,42,marjo.broberg@fastmail.com,http://F29p2m5DvnLRB.com,-4299719304371499892,4072659639553158336,Marjo Broberg,Iwan Juhan,University1,Chair8,FullProfessor22,ResearchGroup12,University1,University1,Program11,Organization1,University1
Employee84,74,mandana.goertz@hush.com,http://dEN40ZxN.com,-3419409485893654261,5083555152415453957,Mandana Goertz,Karmen Macnicoll,University1,Research10,FullProfessor22,ResearchGroup9,University1,University1,College28,ResearchGroup11,University1
Employee85,14,thomasin.dahan@hush.com,http://BigKziVWfApdWf.com,45237661469916451,-8538618614142231228,Thomasin Dahan,Genowefa Mensinkai,University1,Student191,Dean12,Organization1,University1,University1,Program16,College95,University1
Employee86,33,gama.tolson@aol.com,http://Dz9bqI9F.com,-6679962363822018869,6783915370761737449,Gama Tolson,Bobbie Lockard,University1,VisitingProfessor1,FullProfessor2,Department5,University1,University1,ResearchGroup7,Program11,University1
Employee87,37,susy.ghatta@gmail.com,http://F0NwXtyVL34f.com,-1404270417522259699,-585824942295586058,Susy Ghatta,Wai-Chau Knighten,University1,Professor8,VisitingProfessor12,Institute8,University1,University1,Institute18,College74,University1
Employee88,56,keriann.ong@hush.com,http://PSLJl.com,4073969959039609475,1361883599034686210,Keriann Ong,Base Blyszczak,University1,Faculty9,Chair14,ResearchGroup1,University1,University1,Organization1,Institute6,University1
Employee89,45,devonne.milian@gmx.net,http://ontMmb.com,-626702081721440586,-4599743446048153558,Devonne Milian,Faina Knox,University1,Article15,AssociateProfessor17,Organization1,University1,University1,ResearchGroup2,College73,University1
Employee90,44,debi.onsiteteam@gmail.com,http://3Ta9jeqAWp.com,2603912397261166092,4298536646305801523,Debi Onsiteteam,Nga Loquercio,University1,UndergraduateStudent197,Professor20,University1,University1,University1,ResearchGroup15,ResearchGroup11,University1
Employee91,21,dear.steede@gmx.net,http://V0D3WAA6nCg.com,2772689918222525085,-7017891779060724449,Dear Steede,Dorree Quek,University1,AssociateProfessor1,VisitingProfessor10,University1,University1,University1,ResearchGroup8,ResearchGroup1,University1
Employee92,29,gerrit.mitsui@rocketmail.com,http://QJqtBZPe.com,5110803191293480104,6119043123425487325,Gerrit Mitsui,Hamzeh Doss,University1,Research189,AssistantProfessor6,Department2,University1,University1,University1,ResearchGroup2,University1
Employee93,35,pietra.slozil@gmx.net,http://UJrkRlMXYuNQrr.com,-2695437962494989516,7243214581850557789,Pietra Slozil,Izak Yerneni,University1,ClericalStaff10,AssociateProfessor8,University1,University1,University1,Program19,Institute10,University1
Employee94,44,bassam.casadonte@aim.com,http://APes154E.com,4575168200752697278,7392942059011131530,Bassam Casadonte,Ali Zargham,University1,GraduateStudent71,AssistantProfessor17,Department5,University1,University1,Organization1,Department3,University1
Employee95,57,idalia.gowda@gmail.com,http://dzaRw7P436h.com,5948044701371808698,7873197968689088012,Idalia Gowda,Olly Busche,University1,Research146,AssistantProfessor25,Organization1,University1,University1,Institute13,Department5,University1
Employee96,37,meridel.croteau@msn.com,http://iJKObvLm8dRQ7sQ.com,2169298993553033418,-7948383299232838847,Meridel Croteau,Cassondra Daudin,University1,SystemsStaff15,Dean3,Institute17,University1,University1,ResearchGroup3,Department6,University1
Employee97,34,lew.leone@hotmail.com,http://RKfWK.com,2085280817524300552,-1340056764440409679,Lew Leone,Roch Schuett,University1,Software82,AssociateProfessor8,ResearchGroup13,University1,University1,University1,College58,University1
Employee98,62,shaukat.goldenberg@hotmail.com,http://JVDi9.com,-8047686044802803453,5937662088923766455,Shaukat Goldenberg,Wren Keelan,University1,TechnicalReport16,VisitingProfessor3,Institute16,University1,University1,Organization1,Institute16,University1
Employee99,35,dickens.patchsqa@mail.com,http://aUwFYeh0ujKrb1.com,-1072335267361207207,-4683304192421468377,Dickens Patchsqa,Kameko O'Leary,University1,Professor20,Professor19,ResearchGroup7,University1,University1,Department7,ResearchGroup6,University1
Employee100,53,meghan.mcdonald@rocketmail.com,http://D1IplW6JUwANXHj.com,3411553185768349496,7823039555487632755,Meghan Mcdonald,Witold Hiscoe,University1,Director9,Professor15,Institute20,University1,University1,ResearchGroup13,College49,University1
