GraduateCourse1,http://joejdivcfUjBF8K.com,-2567591662338038185,florist,UnofficialPublication22
GraduateCourse2,http://L4wb9ptvs5yCf.com,-9190705511149662777,customer adviser,Dean7
GraduateCourse3,http://drYCgi.com,1365259182570573857,coach,ConferencePaper4
GraduateCourse4,http://9Zq3tyO.com,720091204474438290,web designer,Schedule15
GraduateCourse5,http://OiPfzcOyUYd6Qd.com,5466248943397024688,truck driver,Book12
GraduateCourse6,http://deuhfs6PHUSt.com,-2133008964469685057,mechanic,UnofficialPublication17
GraduateCourse7,http://17FSsGmag9F.com,-3755482725314122270,childcare assistant,GraduateStudent298
GraduateCourse8,http://U6aNB.com,3372551585310589870,electrician,Department2
GraduateCourse9,http://tpiakjCGtqR.com,-3119017545856139969,truck driver,Employee35
GraduateCourse10,http://xG4oQRdY.com,6144332414518327962,fitness instructor,Employee33
GraduateCourse11,http://bxUcLSni2kqYSys.com,-8798077076706865701,pilot,Person464
GraduateCourse12,http://zfzDfWm0Xql.com,7102786210652211171,plumber,GraduateCourse18
GraduateCourse13,http://vgJuUWD.com,8960996926617335185,customer adviser,Work54
GraduateCourse14,http://yRhQSuHBMg.com,-4179998858631647449,fitness instructor,GraduateStudent30
GraduateCourse15,http://yYPTBev8QJQH.com,-8956405642952463403,electrician,TechnicalReport32
GraduateCourse16,http://KqCcu8cculzSpPd.com,7355489765477529975,engineer,Manual56
GraduateCourse17,http://z2Nf9rbGdaB.com,8818878129136695217,vet,University1
GraduateCourse18,http://SiTNJfQRn.com,2084108121073069977,physiotherapist,TeachingAssistant9
GraduateCourse19,http://koNv11VK9ewV5J9.com,1109494506910539692,web developer,AssistantProfessor2
GraduateCourse20,http://6ELZVHzEirST.com,-3352976929159858354,undertaker,Publication98
GraduateCourse21,http://YPJzfLo9xoG.com,-4091798092183895265,childcare assistant,ResearchAssistant40
GraduateCourse22,http://zKZdWTmiv0.com,5417833024326706214,plumber,Software35
GraduateCourse23,http://KcOC2V9rrz.com,-4564376840307689310,plumber,SystemsStaff15
GraduateCourse24,http://cFQdAsvLhgt3.com,-7542848106171571747,carpenter,AdministrativeStaff12
GraduateCourse25,http://YNIXb.com,-33778220707085207,waiter/waitress,Publication23
GraduateCourse26,http://smhl4kZwMmV8.com,-5360648541077274093,computer specialist,Director9
GraduateCourse27,http://bdS1gJIbsxE0.com,34296055536117166,cosmetician,Specification23
GraduateCourse28,http://ymdLd29ZJG.com,8776503330259096699,secretary,Manual7
GraduateCourse29,http://FClWvGFu6.com,-7041264372592810439,cosmetician,ResearchGroup3
GraduateCourse30,http://JGZ1QnlYZVjL.com,5739633598232678659,shop assistant,Manual45
