GraduateStudent1,47,galina.bouick@msn.com,http://wHagVzfk7.com,3741323967318887253,-2959537653015240909,Galina Bouick,Neville Halford,University1,Schedule2,Professor7,University1,University1,Institute12,University1
GraduateStudent2,37,jorry.ficken@hotmail.com,http://uuLmlGCTJo.com,1904019701510351292,1054581028445288883,Jorry Ficken,Wilfred Yuengling,University1,Course12,AssociateProfessor7,University1,University1,Program13,University1
GraduateStudent3,66,danette.ross@live.com,http://8P7s4eCAn.com,-7144308418846853236,5080988610309110436,Danette Ross,Alessandra Rummel,University1,Student400,FullProfessor1,University1,University1,College11,University1
GraduateStudent4,35,fahim.quevillon@netdove.net,http://SR7qLgP.com,-611067490178804656,-1319359194657511485,Fahim Quevillon,Cassy Feltman,University1,Course15,Chair12,University1,University1,College3,University1
GraduateStudent5,42,calla.lacosse@hush.com,http://uXwvUVJx2USJk1.com,5680806488190653651,312532447411364233,Calla Lacosse,Vijay Lienemann,University1,University1,AssistantProfessor12,University1,University1,ResearchGroup11,University1
GraduateStudent6,65,tatum.bryttan@rocketmail.com,http://8JYp1UPspfkZGci.com,3296561906879603041,-3531384998717448976,Tatum Bryttan,Dulciana MacPhail,University1,Course19,AssociateProfessor3,University1,University1,College59,University1
GraduateStudent7,35,carita.burkhardt@hush.com,http://NcGbbcuB8.com,-2921987972296057316,8023605736450433965,Carita Burkhardt,Halette Foght,University1,TeachingAssistant3,Dean12,University1,University1,ResearchGroup9,University1
GraduateStudent8,53,richardo.ehrenfried@yahoo.com,http://6hm3WT9GGa.com,-2319667264625251566,-997831968424336160,Richardo Ehrenfried,Keys Woodward,University1,University1,FullProfessor4,University1,University1,Organization1,University1
GraduateStudent9,36,fanni.yoshiyama@rocketmail.com,http://1bcrdB5.com,-3217369726581327218,1684055295403030831,Fanni Yoshiyama,Anjanette Grills,University1,Faculty8,AssociateProfessor17,University1,University1,Institute4,University1
GraduateStudent10,14,natalee.burcew@outlook.com,http://Dkf7On4Ji.com,-6851686390344192965,-5987286817880757622,Natalee Burcew,Courtney Wheelock,University1,Chair7,FullProfessor17,University1,University1,Institute13,University1
GraduateStudent11,11,madalyn.hoadley@outlook.com,http://bKKyNgtcBMzcFTY.com,4348099604179409928,6004831234545725795,Madalyn Hoadley,Jaquenetta Hengeveld,University1,Lecturer13,FullProfessor25,University1,University1,Organization1,University1
GraduateStudent12,32,abra.sawchuk@live.com,http://nX37HX1oK.com,-6179984128764379817,-417205841235939802,Abra Sawchuk,Bulent Bulmanis,University1,Manual20,VisitingProfessor2,University1,University1,ResearchGroup7,University1
GraduateStudent13,55,ella.collevecchio@msn.com,http://v3Alq6wz.com,3458479672705638383,6073622090700479352,Ella Collevecchio,Laney Bockaj,University1,GraduateCourse21,AssistantProfessor22,University1,University1,Department3,University1
GraduateStudent14,26,cary.tanio@aim.com,http://FpZtQiL0BKe.com,-5333556968273116142,-3690429854873253025,Cary Tanio,Dzung Euler,University1,Publication98,FullProfessor14,University1,University1,Organization1,University1
GraduateStudent15,8,fwpas.mccloughan@safe-mail.net,http://nTrJ7CQ6G7dR.com,-8852213359553771419,-1114639293389889421,Fwpas McCloughan,Norm Rosko,University1,Employee12,AssociateProfessor4,University1,University1,University1,University1
GraduateStudent16,56,rivkah.gaylord@safe-mail.net,http://RyjJa.com,-4410153756524051380,-1122669855249931858,Rivkah Gaylord,Janessa Hampshire,University1,Person381,AssociateProfessor11,University1,University1,University1,University1
GraduateStudent17,53,dacey.butts@netdove.net,http://7Al2qSTTQdSXb.com,-8814472130696363092,2961399386037112937,Dacey Butts,May Hikita,University1,TechnicalReport34,AssociateProfessor20,University1,University1,University1,University1
GraduateStudent18,40,dixie.popovics@outlook.com,http://du0mc.com,3821128217338035369,-8649234917324847423,Dixie Popovics,Orlando Malynowsky,University1,AssociateProfessor10,VisitingProfessor4,University1,University1,University1,University1
GraduateStudent19,27,ger.malkiewicz@rocketmail.com,http://zch3NbP8.com,-6607965200935168031,3887858603610980133,Ger Malkiewicz,Marys Broadhead,University1,UndergraduateStudent81,VisitingProfessor8,University1,University1,Institute11,University1
GraduateStudent20,64,karil.mccann@aim.com,http://Xa4wb7rh.com,8474732613964513478,-3578189271073588353,Karil McCann,Corkstown Chaurasia,University1,Course26,AssistantProfessor21,University1,University1,Program4,University1
GraduateStudent21,45,benjamin.pacon@safe-mail.net,http://Y5Ii75rdzf6.com,-8041121011787489293,5434111707296701226,Benjamin Pacon,Richelle Ares,University1,ResearchGroup2,VisitingProfessor7,University1,University1,ResearchGroup11,University1
GraduateStudent22,81,shela.sabourin@aim.com,http://vzamrYJ975.com,-2135174732036229788,-3420459780069192654,Shela Sabourin,MaryLou Cauthen,University1,VisitingProfessor1,AssociateProfessor16,University1,University1,Program5,University1
GraduateStudent23,2,lotta.kraus@rocketmail.com,http://4XOEl7XxfpO9p.com,7827494479615166161,-4617037384581115121,Lotta Kraus,Breton Warriner,University1,Lecturer3,VisitingProfessor7,University1,University1,Department2,University1
GraduateStudent24,41,lissi.hilla@yahoo.com,http://plw3M.com,-4299844428348992069,-8607093118128407791,Lissi Hilla,Melony Gamarnik,University1,JournalArticle9,Professor10,University1,University1,Program5,University1
GraduateStudent25,58,gita.mahon@hush.com,http://iva2kp.com,468483881972814628,7602754686450034469,Gita Mahon,Ringo Loyola,University1,Student364,FullProfessor4,University1,University1,Program17,University1
GraduateStudent26,43,omar.pantages@gmx.net,http://UPq7hiSpAwqp.com,5774979784246597349,-275953450626038643,Omar Pantages,Meridel Takagi,University1,UnofficialPublication45,Dean2,University1,University1,Department6,University1
GraduateStudent27,43,nicolina.kosnaskie@hush.com,http://fflkbNrDxod9r.com,-8901424700562715095,-6289816607170685382,Nicolina Kosnaskie,Loc Okuzawa,University1,Work7,FullProfessor10,University1,University1,Program8,University1
GraduateStudent28,16,pardeep.wellard@yahoo.com,http://Krw8G4iASv0.com,6921850394793048379,-5443699970787079751,Pardeep Wellard,Marya Blackburn,University1,AssistantProfessor23,AssistantProfessor2,University1,University1,University1,University1
GraduateStudent29,19,yawar.guthro@rocketmail.com,http://Nma5xPjQARv29.com,6352611576217992786,2063444669249714068,Yawar Guthro,Weiping Broberg,University1,Manual59,Dean13,University1,University1,Institute16,University1
GraduateStudent30,37,terrill.mccoy@gmx.net,http://cRRoPvWpnztX.com,8435876818219021015,-9194920354309783675,Terrill McCoy,Vitia Hickox,University1,Software60,AssistantProfessor21,University1,University1,Program2,University1
GraduateStudent31,64,waichi.ogrodnik@msn.com,http://2sNGMR4kP.com,-2679403999268350344,-1376346595756593665,Waichi Ogrodnik,Zonda Harvison,University1,Dean5,FullProfessor6,University1,University1,Institute1,University1
GraduateStudent32,46,april.debrun@gmx.net,http://dv5lawPseY.com,7889590640040396040,3164182527546295657,April DeBrun,Vipi Dagg,University1,Program10,AssistantProfessor13,University1,University1,Program18,University1
GraduateStudent33,51,adan.tabor@gmail.com,http://OvlJKAyZyrIJpE.com,-5280214130615699051,-5005854622546323946,Adan Tabor,Janet Eswara,University1,PostDoc22,Dean11,University1,University1,University1,University1
GraduateStudent34,15,arun.moores@outlook.com,http://d6ufYlNBHLF3PS.com,268980474037387275,-1530704620595596055,Arun Moores,Emeline Farahvash,University1,Book28,Chair10,University1,University1,College49,University1
GraduateStudent35,32,zeina.ettson@hotmail.com,http://OrcqJgDiO5V1fHv.com,-2476113652465292666,-1986293589859909844,Zeina Ettson,Lila Doi,University1,AssistantProfessor22,Chair5,University1,University1,Program20,University1
GraduateStudent36,45,heleen.melnyk@gmx.net,http://NzcRRT.com,-2828843349704976455,2101722963142613067,Heleen Melnyk,Eirena Spejewski,University1,JournalArticle27,FullProfessor23,University1,University1,Department1,University1
GraduateStudent37,44,shandy.freyler@gmail.com,http://LPcmAWLzUM9q.com,-4606759400129551110,-604252008543296526,Shandy Freyler,Gypsy Deschiffart,University1,Chair13,Professor7,University1,University1,University1,University1
GraduateStudent38,40,lorette.carignan@outlook.com,http://vc2bKb.com,1847210949802182709,-4197953342507054868,Lorette Carignan,Darlene Vairavan,University1,Faculty11,VisitingProfessor14,University1,University1,Organization1,University1
GraduateStudent39,71,turgay.wycoff@fastmail.com,http://hmzXfBzYB.com,-526444161352946903,6331153606746686879,Turgay Wycoff,Wendeline Ip,University1,TeachingAssistant6,AssistantProfessor3,University1,University1,Program6,University1
GraduateStudent40,38,sharee.tandberg@gmx.net,http://V0QCUrXt1.com,6614934914846011121,-3456363896566691842,Sharee Tandberg,Jade O'connor,University1,Faculty11,AssistantProfessor5,University1,University1,Institute2,University1
GraduateStudent41,56,faith.nielsen@rocketmail.com,http://F5QIRByPCK.com,6865889411170526572,88880007585448624,Faith Nielsen,Angus Diederichs,University1,Course22,Professor5,University1,University1,University1,University1
GraduateStudent42,21,ianthe.kannel@outlook.com,http://RowKCf.com,-3836701009971755078,3216272706597813666,Ianthe Kannel,Weitzel Conoly,University1,Dean9,AssistantProfessor20,University1,University1,University1,University1
GraduateStudent43,33,hensley.mcvicar@live.com,http://nWJE15z4.com,1149310454554535217,-5498128356453164047,Hensley McVicar,Nadir Rabjohn,University1,ResearchAssistant33,Dean7,University1,University1,College19,University1
GraduateStudent44,61,eluned.woods@mail.com,http://rxEJ0.com,-3082456243749975245,388858274331643749,Eluned Woods,Adeline Bialkenius,University1,PostDoc15,AssistantProfessor21,University1,University1,Organization1,University1
GraduateStudent45,39,lucy.brashear@live.com,http://5EVcL1oSJdD.com,-571983654795201992,2640472971463533908,Lucy Brashear,Jasver Sherwin,University1,UnofficialPublication37,AssociateProfessor18,University1,University1,Institute19,University1
GraduateStudent46,48,akira.boyd@hotmail.com,http://wZC3u.com,4866344965191587274,7638344315511501044,Akira Boyd,Vijai Kwissa,University1,Person68,FullProfessor4,University1,University1,Department1,University1
GraduateStudent47,53,julee.mac@live.com,http://fHrJ9cW8OE.com,3224835515233170254,7707897333956651226,Julee Mac,Doralia Hadi,University1,UndergraduateStudent118,FullProfessor12,University1,University1,Program5,University1
GraduateStudent48,35,nazib.locken@aol.com,http://i8OowGYJL0s.com,4712645009673767081,8873972966221040049,Nazib Locken,Irma Pilmoor,University1,ResearchGroup5,Chair10,University1,University1,Organization1,University1
GraduateStudent49,22,trixie.bhatt@gmail.com,http://KYMFus0.com,-7060631945124301538,-5764523460057837083,Trixie Bhatt,Rozanne Lorenz,University1,Organization1,Dean9,University1,University1,Organization1,University1
GraduateStudent50,21,yukihiko.shew@msn.com,http://BYdfc.com,-2226458292197059278,-1294439959372561251,Yukihiko Shew,Nazib Akyurekli,University1,ResearchGroup11,Chair2,University1,University1,College49,University1
GraduateStudent51,34,annet.tidball@fastmail.com,http://jia8m.com,-8271500289826639179,-5203219631730678055,Annet Tidball,Timm Glew,University1,ConferencePaper78,AssociateProfessor7,University1,University1,University1,University1
GraduateStudent52,50,rob.lavorata@fastmail.com,http://7BrETNC5it9y.com,6432942921618296652,6925198550468666134,Rob Lavorata,Linnea Hamra,University1,Software39,AssociateProfessor19,University1,University1,Organization1,University1
GraduateStudent53,42,zsa.zsa.bostock@outlook.com,http://WCXHWa45hWHu.com,1582807745439450873,872248641690118322,Zsa zsa Bostock,Johanna deVette,University1,Publication1,Chair8,University1,University1,College83,University1
GraduateStudent54,47,susi.abdo@aol.com,http://S4lQzHYpvVU0.com,4446942191226035031,-8382686723487229115,Susi Abdo,Reyaud Lapre,University1,Specification16,AssistantProfessor12,University1,University1,Department3,University1
GraduateStudent55,26,nertie.nordskog@rocketmail.com,http://zBp15aI9wAiA8L.com,-5777673078593518176,7642211024173023258,Nertie Nordskog,Lamar CHOCS,University1,GraduateStudent3,Professor16,University1,University1,College86,University1
GraduateStudent56,45,natasja.scanlon@rocketmail.com,http://DEDw1ly6.com,964844521498371081,5891750400220925090,Natasja Scanlon,Lea Mayhugh,University1,Dean16,Professor5,University1,University1,University1,University1
GraduateStudent57,19,sharone.krater@msn.com,http://JggQuE3pS.com,-6169815624141360329,6528010718407441690,Sharone Krater,Clareta Frangoulis,University1,UndergraduateStudent153,FullProfessor5,University1,University1,Program13,University1
GraduateStudent58,44,lilllie.scanlon@aol.com,http://kSeOZAAF.com,-1069007295175092132,-1756946939127895144,Lilllie Scanlon,Daniella Sevilla,University1,JournalArticle45,AssistantProfessor18,University1,University1,ResearchGroup4,University1
GraduateStudent59,29,melinie.marcellus@live.com,http://fEO6jmnAX0kADth.com,-364547200221683377,7753420584530423992,Melinie Marcellus,Philippe Tauscher,University1,Schedule1,AssistantProfessor21,University1,University1,Institute16,University1
GraduateStudent60,49,cherri.lipari@fastmail.com,http://8ymjyd0.com,-2451662355025901379,3811224592288527704,Cherri Lipari,Gorde Jarboe,University1,AssistantProfessor2,Chair14,University1,University1,College36,University1
GraduateStudent61,42,randall.garinger@yahoo.com,http://muKgKnbvizS.com,-6228196091037122023,-1899492671837634099,Randall Garinger,Alexandrina Koblitz,University1,University1,VisitingProfessor9,University1,University1,Institute15,University1
GraduateStudent62,58,willow.mortimer@safe-mail.net,http://XwG4DTwWaem.com,1165531594428061364,2531966028115412465,Willow Mortimer,Davinder Frape,University1,ResearchAssistant21,FullProfessor22,University1,University1,Program6,University1
GraduateStudent63,45,anitra.perrin@netdove.net,http://Z1x7bbTKNAEQAlW.com,-6231034144632165529,5797800300317363309,Anitra Perrin,Celisse Monaco,University1,JournalArticle192,Chair11,University1,University1,Institute8,University1
GraduateStudent64,31,moselle.mcfarlane@aol.com,http://Hmt1ZVt.com,-413109136019114322,2865953152126039781,Moselle McFarlane,Kerstin Deluca,University1,Article43,AssociateProfessor7,University1,University1,ResearchGroup12,University1
GraduateStudent65,32,alia.bateman@hush.com,http://aoKrBa.com,-227843331652231025,-2584698423898319928,Alia Bateman,McGee Kodnar,University1,FullProfessor6,FullProfessor1,University1,University1,Department2,University1
GraduateStudent66,22,sharad.buder@gmx.net,http://JnGmnACrrdaa.com,-5758361055989913156,8575747121961606625,Sharad Buder,Peach Moshinsky,University1,Book22,Chair14,University1,University1,College47,University1
GraduateStudent67,67,jackson.holy@aol.com,http://SOusfhOnOny8KmM.com,4701437881426724281,-7069276980989569334,Jackson Holy,Rohit Trowbridge,University1,GraduateStudent287,Dean19,University1,University1,College49,University1
GraduateStudent68,31,rebeka.galanakis@rocketmail.com,http://UwvoUbDdVeRIf7.com,1445812471168958090,9144444532536611026,Rebeka Galanakis,Murray McBryan,University1,ResearchAssistant46,Professor11,University1,University1,Organization1,University1
GraduateStudent69,41,wendy.klein@safe-mail.net,http://SnEETGokc.com,-3454829586671060188,-4618816620095945923,Wendy Klein,Dorry Seroka,University1,College49,AssociateProfessor7,University1,University1,College67,University1
GraduateStudent70,21,bharat.orford@rocketmail.com,http://mTQ9kDhx1x.com,-5614316895678404668,-776379757912735642,Bharat Orford,Brock Sivasothy,University1,SystemsStaff29,VisitingProfessor12,University1,University1,ResearchGroup13,University1
GraduateStudent71,50,muinck.giotis@hush.com,http://ZOwq9OBnz8kvg.com,164510516778828706,-6750805567253163128,Muinck Giotis,Norma Loewen,University1,Schedule14,AssociateProfessor14,University1,University1,Program3,University1
GraduateStudent72,38,erna.patey@live.com,http://XUhqMOZU694K.com,3019722754557519908,-9159013249700714694,Erna Patey,Diena Scarlett,University1,FullProfessor3,AssistantProfessor8,University1,University1,Institute14,University1
GraduateStudent73,42,danial.crosson@hush.com,http://5XLFGFpCSbZ1.com,7266912520872596665,-188337970323260330,Danial Crosson,Mona Moritz,University1,Manual86,Dean12,University1,University1,Department3,University1
GraduateStudent74,32,blanche.willcocks@hotmail.com,http://oXrcpiY.com,3233188710967374392,6628402076799567207,Blanche Willcocks,Marcile Scarffe,University1,Software92,Dean20,University1,University1,Department2,University1
GraduateStudent75,38,yu-chung.okai@rocketmail.com,http://LTejG2fPWuPn.com,4860302328037489978,-8693393071745580240,Yu-Chung Okai,Adelaide Crepeau,University1,TeachingAssistant23,AssociateProfessor2,University1,University1,Institute6,University1
GraduateStudent76,20,achamma.morse@aol.com,http://JasnBVnwpqZ7.com,-6487918360092659129,3979790720777826223,Achamma Morse,Delila Ahluwalia,University1,Dean13,AssistantProfessor24,University1,University1,University1,University1
GraduateStudent77,18,abigael.delbrouck@msn.com,http://KD5pR.com,6825983286797961163,9184510510947216754,Abigael Delbrouck,Nataline Modigh,University1,JournalArticle110,Professor7,University1,University1,College12,University1
GraduateStudent78,50,yves.runkel@hush.com,http://UcwPGtzJgI.com,-1392878019606490586,5395623919549539473,Yves Runkel,Mary-Jane Dougall,University1,Article37,VisitingProfessor9,University1,University1,University1,University1
GraduateStudent79,41,guanyun.pulcher@gmx.net,http://FZoe2P2uNtmdw77.com,7092537317397648309,5631896552044555311,Guanyun Pulcher,Marlon Nault,University1,UnofficialPublication25,AssociateProfessor4,University1,University1,College50,University1
GraduateStudent80,32,coursdev.gallops@mail.com,http://f8a26fIywHRm.com,6165331560633541020,-3003698039015861076,Coursdev Gallops,Lani Killen,University1,Manual50,AssistantProfessor4,University1,University1,Organization1,University1
GraduateStudent81,19,celle.weirich@hotmail.com,http://QQxKGSSP.com,5327278536205862234,5809502445908771657,Celle Weirich,Ingaborg Nickerson,University1,Software100,AssociateProfessor15,University1,University1,Department2,University1
GraduateStudent82,46,hyacinthie.skrobecki@rocketmail.com,http://O5ychuJ7.com,6357536574531230974,-2243445803208647775,Hyacinthie Skrobecki,Huan Lucey,University1,Organization1,AssistantProfessor1,University1,University1,Department6,University1
GraduateStudent83,37,petrina.ginzburg@aim.com,http://ZRwvcobKn.com,-3086025573047646758,8654379143955224236,Petrina Ginzburg,Geoff Verrenneau,University1,Director10,FullProfessor7,University1,University1,University1,University1
GraduateStudent84,34,cammy.tessier@live.com,http://6CXcihkM.com,1307278325261925774,-216968377083784662,Cammy Tessier,Eachelle Obermyer,University1,Student444,VisitingProfessor7,University1,University1,University1,University1
GraduateStudent85,8,bobby.allgood@gmail.com,http://dzScmJsYIa.com,-2430929979810836267,6214481256865140489,Bobby Allgood,Wayne Tello,University1,AssistantProfessor5,Dean3,University1,University1,Department3,University1
GraduateStudent86,25,khue.decasper@live.com,http://CPEGrxCnfIGl6S0.com,-7864884818516251225,6424470004045473055,Khue Decasper,Dominga Chanco,University1,Work79,Professor2,University1,University1,Department3,University1
GraduateStudent87,55,kenny.willmore@safe-mail.net,http://0Qf8Vgxln.com,8579463424391515675,-6742685234071288259,Kenny Willmore,Rosette Dando,University1,Person418,Chair5,University1,University1,Program10,University1
GraduateStudent88,38,deeyn.thomlinson@aim.com,http://9yfIrfr6dSCuu.com,1367892415730686837,7838198841581959033,Deeyn Thomlinson,Joao Moroz,University1,GraduateStudent66,AssociateProfessor9,University1,University1,Organization1,University1
GraduateStudent89,37,drusilla.simpson@live.com,http://lEIEk48EGR.com,7854309658186201868,5807769415983879416,Drusilla Simpson,Candra Smulders,University1,Article3,Chair2,University1,University1,Program10,University1
GraduateStudent90,39,serdar.smuda@outlook.com,http://n3SohnfQIR.com,-2050238463069401046,-7441713046939581874,Serdar Smuda,Raven Kimler,University1,University1,FullProfessor8,University1,University1,Program1,University1
GraduateStudent91,41,dusty.vezina@aim.com,http://sf9majZ75xu60.com,5035928049848050374,-663674410268130663,Dusty Vezina,Danice Fainecos,University1,AssociateProfessor16,VisitingProfessor3,University1,University1,University1,University1
GraduateStudent92,32,darelle.bulkovshteyn@aim.com,http://zlVAif.com,-5408789667869264892,8421155521266967372,Darelle Bulkovshteyn,Josselyn Srivastava,University1,Professor10,VisitingProfessor1,University1,University1,Department6,University1
GraduateStudent93,64,clarke.franks@netdove.net,http://rE4dw8J.com,-4366292019983574242,-4697966007170448360,Clarke Franks,Arly Shea,University1,FullProfessor19,AssistantProfessor10,University1,University1,College96,University1
GraduateStudent94,66,zdenek.waterhouse@aim.com,http://x6ZvMAd.com,7616665489789905267,4692784138408964813,Zdenek Waterhouse,Nona Majid,University1,ConferencePaper43,Dean14,University1,University1,Organization1,University1
GraduateStudent95,10,enrica.waeyen@outlook.com,http://aOWiFcfdUyAKk7A.com,8346086116464961661,-2009445547832577433,Enrica Waeyen,Zbignew Prokop,University1,TeachingAssistant26,AssistantProfessor7,University1,University1,Organization1,University1
GraduateStudent96,59,ginevra.steiert@gmail.com,http://UTo7SlAu.com,5432145697860140325,-871851173114027110,Ginevra Steiert,Alasdair Ugwa,University1,SystemsStaff22,FullProfessor2,University1,University1,ResearchGroup5,University1
GraduateStudent97,60,zita.twx@netdove.net,http://nHs8e.com,5528582129488924359,-6702898905711097408,Zita Twx,Vern Kupe,University1,ResearchAssistant19,Chair13,University1,University1,College95,University1
GraduateStudent98,41,afton.isley@live.com,http://EtiE5r.com,3940757768246986845,6051189186388096760,Afton Isley,Virginia Saunderson,University1,Person379,Dean16,University1,University1,Organization1,University1
GraduateStudent99,50,pricing.toletzka@rocketmail.com,http://jkpABBzc2eyYFeK.com,-5921761810452596679,7252410461875615082,Pricing Toletzka,Sibel Cassidy,University1,Work37,FullProfessor8,University1,University1,University1,University1
GraduateStudent100,40,rafael.milakovic@aim.com,http://riyvPFVz8w3.com,6459299426987651426,5485923854441445402,Rafael Milakovic,Tiffie Loquercio,University1,JournalArticle168,FullProfessor20,University1,University1,Institute15,University1
GraduateStudent101,36,quynh.pazos@netdove.net,http://96DWD.com,8976423717753318248,693109058572869724,Quynh Pazos,Deonne Malzahn,University1,Software40,FullProfessor12,University1,University1,Department6,University1
GraduateStudent102,26,flo.rothwell@yahoo.com,http://ayqOvT.com,3749974265496737964,3831512234958433511,Flo Rothwell,Portia Joseph,University1,PostDoc15,AssistantProfessor13,University1,University1,Organization1,University1
GraduateStudent103,26,wilhelmina.kenedi@aim.com,http://Kv00N2kQJ.com,7556630453044321692,2197927627248820643,Wilhelmina Kenedi,Ashraf Descoteaux,University1,TeachingAssistant11,Professor13,University1,University1,ResearchGroup12,University1
GraduateStudent104,38,israel.desimone@outlook.com,http://0lKRG7tDhN3id.com,1895785295113895086,3482984306983392460,Israel DeSimone,Andriana Baghdadi,University1,College74,AssociateProfessor8,University1,University1,ResearchGroup15,University1
GraduateStudent105,54,joane.demarest@aol.com,http://szN8q3js5yjT.com,-4777886840877202026,-6741433307068786830,Joane Demarest,Nan Caltrider,University1,Faculty1,FullProfessor2,University1,University1,Department6,University1
GraduateStudent106,57,dickens.warkentin@outlook.com,http://S2evvt.com,-6275599101996073193,-7432348266853480680,Dickens Warkentin,Lynette Bruce,University1,Article40,Professor6,University1,University1,Organization1,University1
GraduateStudent107,63,iva.modigh@gmail.com,http://Qaj9TyjZgxxCi.com,-7387388050545669193,-6468808940674076924,Iva Modigh,Gilligan Greenway,University1,Organization1,AssistantProfessor22,University1,University1,Program11,University1
GraduateStudent108,22,dyke.wager@gmx.net,http://ykcJUzjh.com,1725312364202913575,3056250455303512778,Dyke Wager,Code Olivares,University1,Director13,Professor17,University1,University1,Department4,University1
GraduateStudent109,29,damian.habel@mail.com,http://xfJSR3F3cb4Z.com,-6304785553209484747,-3778125497230281836,Damian Habel,Faiz Pakulski,University1,PostDoc17,AssistantProfessor8,University1,University1,Organization1,University1
GraduateStudent110,16,taro.corker@outlook.com,http://jagzh.com,5067669753256543018,5453164812807844116,Taro Corker,Oral Kell,University1,Chair13,Chair2,University1,University1,Department6,University1
GraduateStudent111,60,maynie.kingsland@netdove.net,http://FRl9vUHeHZ9mm.com,-5567575577080274288,402616553475882431,Maynie Kingsland,Lorene Marshaus,University1,Department2,Professor1,University1,University1,ResearchGroup5,University1
GraduateStudent112,48,deina.buffam@aol.com,http://NnWbZ3.com,7771304961732395475,-4747199306475673786,Deina Buffam,Swandi Freeburn,University1,Manual45,AssociateProfessor3,University1,University1,ResearchGroup10,University1
GraduateStudent113,50,virginia.maas@gmx.net,http://A6TQb.com,-3986430847979588716,-6300792692462175331,Virginia Maas,Yihban Luquire,University1,Manual89,FullProfessor24,University1,University1,Department2,University1
GraduateStudent114,21,averil.dickeson@msn.com,http://RSFrARMgn.com,8813164803009730365,1031061061511285745,Averil Dickeson,Rafaelita Neal,University1,VisitingProfessor4,FullProfessor12,University1,University1,University1,University1
GraduateStudent115,25,valeria.tunali@rocketmail.com,http://YDU1F4YKed4.com,6157984060976090793,-7366503619126544938,Valeria Tunali,Bernadene Whelan,University1,ResearchAssistant41,FullProfessor8,University1,University1,College42,University1
GraduateStudent116,53,armelle.leclair@rocketmail.com,http://czhVVnWiq.com,-5831526718506161707,8098875724897174962,Armelle Leclair,Irc Bambach,University1,UndergraduateStudent120,FullProfessor20,University1,University1,Department6,University1
GraduateStudent117,69,gleda.noffke@msn.com,http://GwLq9bbHq.com,7739286154112746664,8558848667128068569,Gleda Noffke,Sallee Van Der,University1,GraduateCourse16,Chair14,University1,University1,University1,University1
GraduateStudent118,44,naomi.yeh@yahoo.com,http://tnnkd4shiVj1ry.com,-1385659678699669804,-3187485998521962997,Naomi Yeh,Marvell Cregan,University1,Employee85,AssistantProfessor10,University1,University1,Institute4,University1
GraduateStudent119,49,doretta.platts@aol.com,http://wt9Gm2S.com,4402500440106348634,-3118052521661645866,Doretta Platts,Koo Barrows,University1,Dean13,Dean6,University1,University1,Organization1,University1
GraduateStudent120,35,elysia.nobes@fastmail.com,http://GbrZY0Mnebc.com,3663964534472729426,-8514371319418695238,Elysia Nobes,Sarina Khurana,University1,JournalArticle118,VisitingProfessor15,University1,University1,University1,University1
GraduateStudent121,25,lonee.wootton@netdove.net,http://IhK1D3Ai1.com,7842037419693314152,-2708121627229585256,Lonee Wootton,Roselle Gareis,University1,Faculty1,AssociateProfessor19,University1,University1,Department1,University1
GraduateStudent122,48,angeliek.bains@rocketmail.com,http://9MAkV.com,5271525061632350099,-5580180789881278372,Angeliek Bains,Lynna Naylor,University1,Professor13,Chair1,University1,University1,Program17,University1
GraduateStudent123,66,gilles.bourret@gmail.com,http://sK7aV.com,-4233204949489133687,-8079679054965406716,Gilles Bourret,Freddie Majmudar,University1,Program10,AssociateProfessor17,University1,University1,ResearchGroup4,University1
GraduateStudent124,47,lissi.kishi@mail.com,http://b3m23TAU.com,-309152786956094639,7515420890813847108,Lissi Kishi,Subu Milston,University1,AssociateProfessor7,FullProfessor20,University1,University1,Department5,University1
GraduateStudent125,27,willette.elkington@yahoo.com,http://ThQeRr4SdyNX.com,1886792102281654401,-2565550790426612540,Willette Elkington,Elwood Andruzzi,University1,UndergraduateStudent10,AssociateProfessor8,University1,University1,Organization1,University1
GraduateStudent126,53,cortney.kong-quee@gmail.com,http://C2R8GuL.com,-6905508595036483207,-7912053175436128144,Cortney Kong-Quee,Uta Sommerfeld,University1,Dean7,VisitingProfessor13,University1,University1,Department5,University1
GraduateStudent127,58,fwp.kayar@mail.com,http://3MkubbIhsC4lJm.com,-8531106287829546111,-2324542224826215424,Fwp Kayar,Vilhelm Vasiliadis,University1,Specification2,Dean5,University1,University1,College41,University1
GraduateStudent128,40,mervyn.brightwell@netdove.net,http://AIUr36LIap8xv.com,-806659993833124489,-3357482993713267068,Mervyn Brightwell,Brande Persaud,University1,Schedule1,FullProfessor13,University1,University1,ResearchGroup9,University1
GraduateStudent129,13,latrina.alguire@msn.com,http://gar8s7cugd8Hf.com,-1871256545329267915,-6807260420060515296,Latrina Alguire,Ans Shipe,University1,Article28,VisitingProfessor2,University1,University1,ResearchGroup12,University1
GraduateStudent130,14,verile.ordas@yahoo.com,http://Glp0vjdzM2d9UJw.com,3210616494990996036,1862744505604349912,Verile Ordas,Ozlem Quevillon,University1,Course28,AssistantProfessor25,University1,University1,College33,University1
GraduateStudent131,37,rubia.slonosky@yahoo.com,http://mdLbphPeSJ.com,-900875276362874731,-5544294498112904759,Rubia Slonosky,Deina Atteridge,University1,UndergraduateStudent149,VisitingProfessor11,University1,University1,Department6,University1
GraduateStudent132,22,joanne.strawczynski@aol.com,http://6qgjMcu4ek5HQQA.com,-8310632362594781145,3175157128855770713,JoAnne Strawczynski,Jean-Paul Juskevicius,University1,Dean11,AssistantProfessor25,University1,University1,Institute18,University1
GraduateStudent133,50,edita.flury@mail.com,http://qSViO0tJ.com,8326299623024539738,-8908221610028795664,Edita Flury,Alvinia Pennell,University1,Publication28,FullProfessor18,University1,University1,Institute2,University1
GraduateStudent134,39,rosalinda.deason@aol.com,http://BF6nb3.com,3640035550389952450,-5357339664775444737,Rosalinda Deason,Wynne Purcell,University1,Lecturer78,Professor19,University1,University1,Institute17,University1
GraduateStudent135,45,bin.stokes@gmx.net,http://cL26BY6AqR.com,7948986522080821943,2485917717078382211,Bin Stokes,Katherine Ranoa,University1,Program18,AssistantProfessor15,University1,University1,Organization1,University1
GraduateStudent136,40,grason.beckman@rocketmail.com,http://Jc4nZK.com,-4899694180043014977,-7460039556267537118,Grason Beckman,Kikelia Mendy,University1,AssociateProfessor8,AssistantProfessor11,University1,University1,ResearchGroup15,University1
GraduateStudent137,42,tarus.viney@msn.com,http://NzH4F7U4v.com,-2339877539051794202,603552356000758288,Tarus Viney,Cahra Kwiatkowska,University1,Professor16,Dean13,University1,University1,University1,University1
GraduateStudent138,63,stephenie.linberg@mail.com,http://bI0ruhTdd8.com,-7842542541337288967,-8428326128317037921,Stephenie Linberg,Oriana Outram,University1,Software48,AssistantProfessor12,University1,University1,Program6,University1
GraduateStudent139,30,warwick.jewell@aim.com,http://Misv9IwkTvkDcJa.com,2450903766297486887,-8561373718315564350,Warwick Jewell,Marci Hipp,University1,Schedule17,AssociateProfessor2,University1,University1,ResearchGroup4,University1
GraduateStudent140,37,dacia.wetherbee@gmail.com,http://lmkla76lVa1.com,6865052662637041364,8376416447835302657,Dacia Wetherbee,Gwyneth Matlock,University1,Course12,Chair15,University1,University1,Department6,University1
GraduateStudent141,36,deerdre.mcgrachan@gmail.com,http://NbrxwNqRGO.com,-3822092932531629110,-1814310233185554024,Deerdre Mcgrachan,CrystalBay de Wilton,University1,Professor17,AssistantProfessor7,University1,University1,Institute18,University1
GraduateStudent142,28,margery.mcquaid@hush.com,http://ZGmxc.com,693460624665067422,3185706500874920205,Margery McQuaid,Fernand Alexson,University1,ClericalStaff9,AssistantProfessor5,University1,University1,University1,University1
GraduateStudent143,39,tandi.christiansen@gmx.net,http://k9ODesvUqC.com,4358221334422894337,-3645505122944264989,Tandi Christiansen,Sacto Acklin,University1,Organization1,AssociateProfessor18,University1,University1,Department4,University1
GraduateStudent144,5,fouad.ottco@gmail.com,http://vFFbRstRa.com,-5206859885388917271,-5687898402274603909,Fouad OTTCO,Pamella Kenworthy,University1,Director2,Dean20,University1,University1,Organization1,University1
GraduateStudent145,31,methi.ishee@netdove.net,http://Mj96i6i.com,-3537356316814759176,5492178704768809135,Methi Ishee,Conrad Gerynowicz,University1,FullProfessor4,FullProfessor18,University1,University1,Department2,University1
GraduateStudent146,31,eleonore.voadmin@aim.com,http://8v5de2cN.com,-1646706002562139676,-7151154357219842576,Eleonore Voadmin,Shan Keehan,University1,ConferencePaper243,Chair3,University1,University1,Program5,University1
GraduateStudent147,53,charlie.agostino@gmx.net,http://GzuzN5PB7.com,-4779365609420632716,769587789579973872,Charlie Agostino,Devon Linfield,University1,Program6,Dean2,University1,University1,Department3,University1
GraduateStudent148,54,wini.rafek@aim.com,http://IuA9wQev.com,-3307086596961351179,-6132512648415934560,Wini Rafek,Cherilyn Addetia,University1,FullProfessor7,AssociateProfessor8,University1,University1,ResearchGroup3,University1
GraduateStudent149,58,julienne.sibiga@netdove.net,http://c9qUeZ.com,800085946841766562,8742849839482790715,Julienne Sibiga,Dau Venne,University1,Student184,Dean20,University1,University1,University1,University1
GraduateStudent150,39,nicola.gumb@safe-mail.net,http://LSaqruP.com,6846897031878552457,-7373433189736428042,Nicola Gumb,Mirabelle Shiu,University1,Course22,Chair13,University1,University1,University1,University1
GraduateStudent151,6,kelli.rey@outlook.com,http://W4EHFI.com,2685008468722831303,-7688638021196710411,Kelli Rey,Peri Riggs,University1,FullProfessor6,Professor19,University1,University1,Organization1,University1
GraduateStudent152,37,mrugesh.lavecchia@yahoo.com,http://aiQajd0CP.com,-9210391507443136710,7856377635203284124,Mrugesh Lavecchia,Deane Borsato,University1,Schedule16,VisitingProfessor1,University1,University1,College62,University1
GraduateStudent153,45,hensley.santella@live.com,http://EOSGu.com,-645251877040279908,-2356449311317910018,Hensley Santella,Wandis Bushnell,University1,FullProfessor3,Dean19,University1,University1,Organization1,University1
GraduateStudent154,43,karrie.mackel@aol.com,http://pDBRrQT3DCLdsyG.com,3441896425142907650,7372057547704227749,Karrie Mackel,Piotr De-Boer,University1,Professor2,Professor8,University1,University1,Department2,University1
GraduateStudent155,30,fifine.mckeage@rocketmail.com,http://qU1l9cO.com,-1165120268724997481,9110805445847091786,Fifine McKeage,Collette Viau,University1,Director13,Dean20,University1,University1,University1,University1
GraduateStudent156,29,roxie.belford@yahoo.com,http://plE12bKld5Jx.com,-7451354818177136036,-3269605827986006038,Roxie Belford,Apurve Frydach,University1,Professor4,Chair8,University1,University1,Department4,University1
GraduateStudent157,45,michal.babione@yahoo.com,http://alzKNdwkbd.com,-299090040551593340,-6924131176562324944,Michal Babione,Dhiraj Woessner,University1,Chair15,AssociateProfessor20,University1,University1,Department6,University1
GraduateStudent158,39,kannan.aziz@outlook.com,http://aEsuK1.com,107598836380525567,-3567548269657374774,Kannan Aziz,Basheer Winsborrow,University1,Research163,AssistantProfessor20,University1,University1,Institute3,University1
GraduateStudent159,33,aloisia.scrbacic@hush.com,http://x7bARcleR79O.com,4628926706614047507,6352584662257596714,Aloisia Scrbacic,Evangelin Stovall,University1,Director10,VisitingProfessor15,University1,University1,ResearchGroup14,University1
GraduateStudent160,53,karol.rollinson@aol.com,http://8bdSG.com,-5157022548713467884,4578200434514446482,Karol Rollinson,Alie Russell,University1,Work88,AssociateProfessor11,University1,University1,Program8,University1
GraduateStudent161,30,riannon.ogilvie@yahoo.com,http://EEbdv79ZgkV.com,6889078459162969924,-2293693499001760309,Riannon Ogilvie,Gianina Liesemer,University1,VisitingProfessor7,FullProfessor14,University1,University1,Program1,University1
GraduateStudent162,48,ardelis.dziemian@msn.com,http://BZRwHHTdGSP.com,-7274407157998941863,4491709598170688843,Ardelis Dziemian,Tonye Donahue,University1,University1,VisitingProfessor7,University1,University1,Organization1,University1
GraduateStudent163,58,lesya.ferraro@gmail.com,http://NdiiqM.com,-5392957107721904477,9155728675261472924,Lesya Ferraro,Connie Muller,University1,Research56,VisitingProfessor12,University1,University1,University1,University1
GraduateStudent164,28,lewis.madras@hush.com,http://W0TuuqIzjfB2ft.com,-1648683831288664123,7061517571279909283,Lewis Madras,Elwood Schuck,University1,SystemsStaff1,VisitingProfessor11,University1,University1,ResearchGroup8,University1
GraduateStudent165,17,emmi.kemish@mail.com,http://THIIFfo.com,-5904522005641693624,-3103487780812074748,Emmi Kemish,Follick Ritza,University1,VisitingProfessor13,FullProfessor22,University1,University1,Department1,University1
GraduateStudent166,41,sheelah.maynard@netdove.net,http://WH7yUWlN0gvpW.com,4079228980486855932,-8999341682285809027,Sheelah Maynard,Karolien Forrest,University1,Director15,FullProfessor3,University1,University1,Institute4,University1
GraduateStudent167,36,cesare.puchala@fastmail.com,http://mKl3tx7.com,-6355938959069094101,-6468098391858890341,Cesare Puchala,Afif Berryhill,University1,Manual44,AssistantProfessor23,University1,University1,ResearchGroup1,University1
GraduateStudent168,34,jerome.wayler@fastmail.com,http://bL992Adcrc.com,885343713077844888,4660031916588722745,Jerome Wayler,Emalee Towaij,University1,TechnicalReport61,Professor3,University1,University1,Institute15,University1
GraduateStudent169,13,severin.laba@gmx.net,http://eKNLp.com,5688763947956157731,781387708161162211,Severin Laba,Crin Messerian,University1,AdministrativeStaff27,Dean15,University1,University1,University1,University1
GraduateStudent170,29,lyndon.sevigny@live.com,http://dS5EUzDqi.com,-1693815985998922971,3893007394742407013,Lyndon Sevigny,Wolfgang Tabl,University1,PostDoc2,Dean4,University1,University1,Organization1,University1
GraduateStudent171,34,rolly.el-hawary@rocketmail.com,http://zuEw9WxIpKIJCG.com,3435364717304150702,3282734259472242153,Rolly El-Hawary,Shanna Seiz,University1,GraduateCourse1,Chair10,University1,University1,Organization1,University1
GraduateStudent172,28,vina.dunn@aim.com,http://9dziCknWW.com,-7064018357531831109,-7023696153940768811,Vina Dunn,Ann Denebeim,University1,ResearchGroup10,AssistantProfessor17,University1,University1,Program18,University1
GraduateStudent173,19,mandie.pols@mail.com,http://PNn3adGTYhbY.com,2551079429550404092,4565751425374740351,Mandie Pols,Shanta Vandenberg,University1,GraduateCourse1,Professor9,University1,University1,College21,University1
GraduateStudent174,36,birgit.dhillon@yahoo.com,http://cKzEFOBzHqSYfz.com,-7651282640081192606,3997558621066741090,Birgit Dhillon,Minta Nobes,University1,AssistantProfessor4,AssociateProfessor5,University1,University1,ResearchGroup15,University1
GraduateStudent175,28,mougy.conrad@aol.com,http://L59NRBJWjzNh.com,1939372834620920018,4001387824074301964,Mougy Conrad,Trenna Postavsky,University1,TechnicalReport45,Chair15,University1,University1,College67,University1
GraduateStudent176,30,loree.smerdell@aim.com,http://bJovEtoSyK2.com,5489715495688027975,1183108653251926266,Loree Smerdell,Tran Stovall,University1,Chair15,FullProfessor15,University1,University1,Department7,University1
GraduateStudent177,28,rene-alain.brauer@yahoo.com,http://ROOn2wFr.com,6803759272580832483,4476857839338790567,Rene-Alain Brauer,Honoria Sigurdson,University1,TeachingAssistant5,Dean18,University1,University1,Organization1,University1
GraduateStudent178,41,isabeau.weidenborner@hotmail.com,http://zMfTTv4uR1aylz.com,350232297574477356,8276560370971260783,Isabeau Weidenborner,Brynna Constantin,University1,Chair5,Professor16,University1,University1,University1,University1
GraduateStudent179,49,casie.molloy@outlook.com,http://kzJDKrjcXLmdLfs.com,-1358404761977871394,-8175497250740528935,Casie Molloy,Belinda Dore,University1,College78,AssociateProfessor20,University1,University1,Institute12,University1
GraduateStudent180,56,zulfikar.alberty@yahoo.com,http://KU6h8WoKcpx3qi.com,-4700323217244672774,5286801906368974026,Zulfikar Alberty,Erik Foeppel,University1,GraduateCourse14,FullProfessor6,University1,University1,Program13,University1
GraduateStudent181,54,chery.mui@aim.com,http://DVMrtCNlQo4fH.com,-8862997695669837125,-8999190607797675199,Chery Mui,Flss Medefesser,University1,University1,AssistantProfessor19,University1,University1,Institute3,University1
GraduateStudent182,35,robinia.auker@yahoo.com,http://MctUr.com,-7424237650954707174,108060095781748700,Robinia Auker,Anhtuan Purcell,University1,ConferencePaper103,Dean14,University1,University1,College94,University1
GraduateStudent183,47,letitia.peckett@gmx.net,http://oXfhx33dtx.com,7046619867383362281,-2141125917815789586,Letitia Peckett,Megen Greaves,University1,UnofficialPublication22,FullProfessor9,University1,University1,Institute5,University1
GraduateStudent184,30,johnnie.bates@rocketmail.com,http://kAWIXbR3UMb.com,4946738663408879591,-9049514758167902289,Johnnie Bates,Chu-Chay Boruslawski,University1,SystemsStaff13,VisitingProfessor12,University1,University1,University1,University1
GraduateStudent185,14,franki.kolodiejchuk@fastmail.com,http://inrKDEvJ.com,8576179704470332442,4179641581836039024,Franki Kolodiejchuk,Mariska Mac Maid,University1,Work26,Professor2,University1,University1,Program15,University1
GraduateStudent186,59,herschel.huntington@netdove.net,http://d7Td4PRMZ3.com,3800909773842088569,-2315953575697213310,Herschel Huntington,Amarjit Iannotti,University1,PostDoc8,FullProfessor1,University1,University1,Organization1,University1
GraduateStudent187,30,auberta.pasher@live.com,http://aNwIQtpH2O5wo.com,5159945342464162853,789844573317154456,Auberta Pasher,Man Cassar,University1,AssociateProfessor8,AssociateProfessor19,University1,University1,Institute10,University1
GraduateStudent188,35,ivona.sarlos@msn.com,http://YbFRAtP.com,4766253723985806521,-2332589719825116093,Ivona Sarlos,Peggie Bronk,University1,Course36,VisitingProfessor1,University1,University1,Organization1,University1
GraduateStudent189,32,lrc.iskandar@outlook.com,http://F7aRjKcgyvF.com,4614841710212031930,-7496012437738743936,Lrc Iskandar,Joycelin Plummer,University1,GraduateStudent5,AssociateProfessor18,University1,University1,Department5,University1
GraduateStudent190,26,beckie.mcmann@rocketmail.com,http://aGkB6.com,-8075963149815333398,-8492005290833974944,Beckie McMann,Linnea Hawker,University1,Director12,Dean7,University1,University1,College85,University1
GraduateStudent191,44,maskell.ratz@mail.com,http://8F96i8dE2.com,-4376652957065978961,-1837314942546546738,Maskell Ratz,Eryn Pizzanelli,University1,AssociateProfessor4,Dean18,University1,University1,Organization1,University1
GraduateStudent192,50,glori.heisler@rocketmail.com,http://Mwa4SaA9GG.com,8545336186445587613,7236534954208423596,Glori Heisler,Krissie Bainton,University1,University1,AssistantProfessor17,University1,University1,University1,University1
GraduateStudent193,47,amalie.arsenault@gmail.com,http://dkBh2C2pPrh7K25.com,1101291196469576704,4345467332698534497,Amalie Arsenault,Fanchette Purohit,University1,Chair10,VisitingProfessor5,University1,University1,Program17,University1
GraduateStudent194,47,elissa.problems@hush.com,http://645O8ux.com,5933109460443835940,4880084321930018985,Elissa Problems,Madlin Tullius,University1,Director1,FullProfessor11,University1,University1,College28,University1
GraduateStudent195,36,darelle.leblond@aim.com,http://zjUaaBeHsfd.com,-8292626232610919864,-6709862100295049352,Darelle Leblond,Nanon Mauck,University1,UnofficialPublication11,AssistantProfessor23,University1,University1,Program11,University1
GraduateStudent196,27,ozlem.waissman@gmx.net,http://cSEZZqeI2C2Q.com,-7732458635924363302,-6820713787408509624,Ozlem Waissman,Dorothy Ciesielski,University1,VisitingProfessor6,AssistantProfessor13,University1,University1,Organization1,University1
GraduateStudent197,46,jae.burek@netdove.net,http://BUMDN7L4.com,1789234513611769243,6852157833549370051,Jae Burek,Kusum Rahal,University1,SystemsStaff12,VisitingProfessor6,University1,University1,Department5,University1
GraduateStudent198,38,cherrita.deguire@yahoo.com,http://Z5atnJwSq51EKo0.com,7227258899163521857,6803894538518383183,Cherrita Deguire,Liv Totino,University1,PostDoc12,Professor19,University1,University1,Department1,University1
GraduateStudent199,6,taffy.winklemaier@mail.com,http://4ed4rjQzYRefy.com,553936334885830289,-412549995306571702,Taffy Winklemaier,Lotte Kawamura,University1,TechnicalReport58,Professor15,University1,University1,Organization1,University1
GraduateStudent200,33,minta.yuengling@gmail.com,http://0xpMah.com,7092696341800112908,-2140667322374590159,Minta Yuengling,Tabatha Ballantine,University1,Dean19,FullProfessor15,University1,University1,Institute17,University1
GraduateStudent201,28,rivalee.andrade@fastmail.com,http://LRatvkRP7KRW.com,-1309660486515910187,9197614873085311330,Rivalee Andrade,Enrichetta Eley,University1,AssistantProfessor8,VisitingProfessor2,University1,University1,College31,University1
GraduateStudent202,47,chere.unxlb@gmail.com,http://I3XWTl2.com,-389317938824862867,343970755480635888,Chere Unxlb,Eliza Faulkner,University1,Institute2,Chair15,University1,University1,University1,University1
GraduateStudent203,46,katina.zelsmann@msn.com,http://fbJENtU.com,-6442669886239056118,6116115339371451494,Katina Zelsmann,Emery Nearing,University1,UnofficialPublication37,AssociateProfessor11,University1,University1,Program15,University1
GraduateStudent204,22,codie.peleato@hush.com,http://N9P7NiTqoxEoMy.com,-62336851431389532,-5272079818711721773,Codie Peleato,Teetwo Rama,University1,VisitingProfessor13,Professor4,University1,University1,Organization1,University1
GraduateStudent205,50,anne-marie.swiderski@hush.com,http://i8b7RMTy5Zc.com,4958792648989120341,8396711598338709319,Anne-marie Swiderski,Gavin Pistilli,University1,AssistantProfessor14,Chair3,University1,University1,Organization1,University1
GraduateStudent206,28,lance.nemeth@fastmail.com,http://I2cXVqf33CY.com,-7508015238574321351,4613138501152087365,Lance Nemeth,Christi Guilbault,University1,AdministrativeStaff29,Professor15,University1,University1,Institute14,University1
GraduateStudent207,12,akshay.charlebois@netdove.net,http://hvZjzo.com,-3960240355124121250,-680888577570087918,Akshay Charlebois,Stacey Schiltz,University1,AdministrativeStaff21,VisitingProfessor11,University1,University1,University1,University1
GraduateStudent208,36,rosalie.denmark@live.com,http://OgoGyK4t.com,3290361755824722459,-7373749958476919882,Rosalie Denmark,Begum Oreilly,University1,Department7,FullProfessor3,University1,University1,Program4,University1
GraduateStudent209,35,milli.novotny@outlook.com,http://OE7i4IarmSaMJ.com,-8680778042120177338,-6281574502051747812,Milli Novotny,Selva Landry,University1,Dean12,Chair11,University1,University1,Program11,University1
GraduateStudent210,52,leroy.erbilgin@netdove.net,http://xcP9sHhuNyG1Zy.com,-7064491168957975974,-2368350391370905240,LeRoy Erbilgin,Anda Ayyuce,University1,Employee33,AssistantProfessor2,University1,University1,ResearchGroup6,University1
GraduateStudent211,41,wenda.teitelbaum@fastmail.com,http://ADttfTXMbPrn.com,-4016850366103388408,-1226630988205606206,Wenda Teitelbaum,Diamond Montgomery,University1,Organization1,VisitingProfessor8,University1,University1,ResearchGroup10,University1
GraduateStudent212,62,code.gruska@netdove.net,http://UGxw8j3B.com,-3680411839912492834,1985188016979265365,Code Gruska,Keep Supervisor,University1,College76,Professor8,University1,University1,College75,University1
GraduateStudent213,31,rhianna.blakeslee@live.com,http://4wm1Pc79Hme.com,2784834188444878447,-5783341725099612975,Rhianna Blakeslee,Pankesh Parn,University1,Book5,FullProfessor12,University1,University1,College24,University1
GraduateStudent214,36,olusola.pissot@yahoo.com,http://RyRfh.com,5983328322471703673,-5136841268931728150,Olusola Pissot,Camella Iantaffi,University1,UnofficialPublication6,Professor16,University1,University1,College48,University1
GraduateStudent215,12,megumi.dudley@gmx.net,http://XbgEIYc.com,-5277133939075595737,-7387772293766727849,Megumi Dudley,Otha Bmethods,University1,Faculty6,Professor4,University1,University1,ResearchGroup10,University1
GraduateStudent216,56,danyette.tomasetti@aim.com,http://6kV3YI35f.com,-5523613535545612794,-6550058030535419329,Danyette Tomasetti,Lindi Bergmann,University1,UnofficialPublication13,VisitingProfessor9,University1,University1,Department5,University1
GraduateStudent217,12,karlene.glowa@safe-mail.net,http://jrhrc.com,5098919873830528522,-3571298924009756826,Karlene Glowa,Jayendra McLawhorn,University1,Lecturer69,AssociateProfessor10,University1,University1,College10,University1
GraduateStudent218,18,sashenka.dufloth@aim.com,http://ssor6IVksUu3Gk.com,3311091178945108242,-1724617898344394236,Sashenka Dufloth,Nadiya Bohannon,University1,ResearchAssistant39,Chair6,University1,University1,Department6,University1
GraduateStudent219,32,marc.rester@rocketmail.com,http://fg8tcYm5pw3q5M.com,7345247567288995650,5746673822698103116,Marc Rester,Virginie Bains,University1,University1,VisitingProfessor5,University1,University1,ResearchGroup7,University1
GraduateStudent220,42,tallulah.lutz@live.com,http://beDvOLBifYa.com,-308115937021556189,6013280272836044662,Tallulah Lutz,Essam Banville,University1,ConferencePaper206,AssistantProfessor8,University1,University1,University1,University1
GraduateStudent221,27,deeann.mair@gmail.com,http://pryme4mdgd.com,-7041480677735785450,3609969151193647708,Deeann Mair,Susanna Annab,University1,Department7,VisitingProfessor5,University1,University1,Institute12,University1
GraduateStudent222,58,manon.boroski@msn.com,http://k87dmM2ZRV2ce.com,1713647743229707517,137504545422278606,Manon Boroski,Krysta Tornes,University1,UndergraduateStudent10,AssociateProfessor16,University1,University1,Institute14,University1
GraduateStudent223,28,marcile.boeck@outlook.com,http://EnGiFb.com,1213123925595669321,2441154463634897433,Marcile Boeck,Chelsie Hruska,University1,ResearchGroup1,FullProfessor13,University1,University1,College55,University1
GraduateStudent224,49,tiffie.carldata@mail.com,http://WYuIOnlcxPYVVO.com,-4563230232373229071,-9084254200830180022,Tiffie Carldata,Florie Samson,University1,TechnicalReport61,VisitingProfessor10,University1,University1,University1,University1
GraduateStudent225,27,eluned.kwast@aim.com,http://LDCygv.com,2960516801834726345,2115501461521299900,Eluned Kwast,Svr Mullaney,University1,Book3,Dean16,University1,University1,Institute5,University1
GraduateStudent226,25,sibylle.ciaschi@yahoo.com,http://3iOYR.com,-622442841278158373,-350243492876542053,Sibylle Ciaschi,Ivette Fabris,University1,AssociateProfessor1,FullProfessor1,University1,University1,University1,University1
GraduateStudent227,65,myriam.myrillas@gmail.com,http://38fZxM.com,-8432113298003674150,9142403161887875778,Myriam Myrillas,Christel Bnrinfo,University1,TeachingAssistant24,Dean8,University1,University1,Program19,University1
GraduateStudent228,25,marga.stejskal@yahoo.com,http://XFTpcdMZwth.com,-5195799671935918010,4771245863796074193,Marga Stejskal,Elizabet Andrews,University1,Student225,Dean10,University1,University1,College64,University1
GraduateStudent229,53,darci.parnell@live.com,http://B6GfQdIc.com,-5984506408766610889,492372230062323319,Darci Parnell,Darsey Carbonara,University1,Professor3,Dean4,University1,University1,ResearchGroup6,University1
GraduateStudent230,41,yutaka.mattson@hotmail.com,http://e5RdcmJOTGp6vg.com,2549344323165540335,-3698511234519869727,Yutaka Mattson,Vivyanne Rummans,University1,Software13,Chair12,University1,University1,Department7,University1
GraduateStudent231,46,miguel.yeh@aim.com,http://hrTyfH.com,1251662436700332915,-6067200879224894377,Miguel Yeh,Margarethe Tarant,University1,Manual86,FullProfessor23,University1,University1,Organization1,University1
GraduateStudent232,48,elva.waytowich@outlook.com,http://HbhhBN15dJcx.com,-8225693482696972402,-5744607494436709532,Elva Waytowich,Housseini Marleau,University1,AssistantProfessor2,VisitingProfessor10,University1,University1,Program14,University1
GraduateStudent233,37,alfred.seidman@mail.com,http://qhucOB.com,4585164596059579480,-5267188775599011315,Alfred Seidman,Dottie Garwood,University1,AdministrativeStaff2,FullProfessor17,University1,University1,Program2,University1
GraduateStudent234,44,gabbie.pippin@outlook.com,http://8Ikmhjkd0PJLABg.com,8497083414553998672,5004410897314759816,Gabbie Pippin,Marylou Snedeker,University1,TeachingAssistant14,Chair3,University1,University1,Department4,University1
GraduateStudent235,43,harinder.jungmeisteris@hush.com,http://u8fkHQSho1R069.com,-3419222935667963956,2041861911526145620,Harinder Jungmeisteris,Olia Bierman,University1,AdministrativeStaff27,AssociateProfessor8,University1,University1,Program9,University1
GraduateStudent236,40,karleen.huliganga@fastmail.com,http://lVbnAl0.com,6762379291279687573,-9152860096210921179,Karleen Huliganga,Johanna McAteer,University1,Professor14,AssistantProfessor11,University1,University1,Department7,University1
GraduateStudent237,40,zdenko.mior@msn.com,http://mMqPPb5Z3a2Md.com,-7806865297014778070,-2493075090067780200,Zdenko Mior,Lane Annunziata,University1,Book12,AssociateProfessor17,University1,University1,University1,University1
GraduateStudent238,32,essam.van.fleet@rocketmail.com,http://JbdsKaFj.com,934120000638930502,-2426920082486654407,Essam Van Fleet,Kent Bnrlsi,University1,SystemsStaff11,Professor5,University1,University1,Program14,University1
GraduateStudent239,38,hoy.buffett@mail.com,http://ALGeFoH.com,3495670882374123719,-4285331329566156940,Hoy Buffett,Ivonne Gilliland,University1,UnofficialPublication41,AssociateProfessor11,University1,University1,Department3,University1
GraduateStudent240,22,raeann.reno@netdove.net,http://P1gwJKMR.com,599832162170727781,-6427748119188972892,Raeann Reno,Girish Nunn,University1,ClericalStaff14,VisitingProfessor6,University1,University1,University1,University1
GraduateStudent241,39,hudai.trimble@gmail.com,http://Lx1AUD4vducdWbe.com,7328777477411999307,-5414157217534417078,Hudai Trimble,Bnrecad Ku,University1,Work55,VisitingProfessor9,University1,University1,University1,University1
GraduateStudent242,21,marlaine.lanier@msn.com,http://Y07tGv9QzgSl.com,-4198323976199155260,-9111621886264177357,Marlaine Lanier,Felicia Coathup,University1,University1,Chair14,University1,University1,Organization1,University1
GraduateStudent243,30,janeen.dray@outlook.com,http://RKji6qgR.com,4777501588994606196,4881748756865441590,Janeen Dray,Francisca Wyatt,University1,Director5,VisitingProfessor3,University1,University1,Organization1,University1
GraduateStudent244,35,jean-guy.kromer@gmail.com,http://6HWV7.com,-7753164604515685925,2467052671427549392,Jean-Guy Kromer,Gillian Sethian,University1,Manual12,Professor10,University1,University1,College33,University1
GraduateStudent245,16,odele.giordano@gmx.net,http://zhi8UaL.com,-8399975865696302489,-2080231105766321265,Odele Giordano,Fae McRann,University1,AdministrativeStaff12,VisitingProfessor13,University1,University1,ResearchGroup6,University1
GraduateStudent246,36,jyoti.thurman@netdove.net,http://Ej5T5p5bUG9n2K.com,4594513742582597400,7328305667915812487,Jyoti Thurman,Alejandrina Vele,University1,TeachingAssistant19,VisitingProfessor5,University1,University1,University1,University1
GraduateStudent247,39,rochelle.lienhard@live.com,http://3pvjZmt6Lvi.com,8962754917887703148,3675679847768987968,Rochelle Lienhard,Dniren Hillring,University1,Book15,AssociateProfessor20,University1,University1,Organization1,University1
GraduateStudent248,14,leonore.bucci@mail.com,http://Lpb30da.com,-4990370766014545293,4353500645907529201,Leonore Bucci,Hien Laba,University1,PostDoc3,AssistantProfessor3,University1,University1,College19,University1
GraduateStudent249,34,calypso.nobes@hush.com,http://BzzbaIZjy.com,-7746162068874569149,524666889857038338,Calypso Nobes,Mandie McCoy,University1,Course10,AssistantProfessor14,University1,University1,University1,University1
GraduateStudent250,30,shari.pirkle@mail.com,http://UomvVsEgb.com,1432157697073128014,5204163513612948939,Shari Pirkle,Nong Wight,University1,Director3,AssociateProfessor4,University1,University1,University1,University1
GraduateStudent251,34,brittany.podlesna@outlook.com,http://Cc1d8I.com,-664150245053652,7963290069574867079,Brittany Podlesna,Masa DiFalco,University1,ResearchAssistant2,Dean12,University1,University1,Department3,University1
GraduateStudent252,35,marina.cawley@gmx.net,http://GEt8XPiQ.com,3761253501261277665,-4494567023347936018,Marina Cawley,Anurag Burdette,University1,Program13,VisitingProfessor4,University1,University1,University1,University1
GraduateStudent253,20,cordula.tremaine@fastmail.com,http://i5SpVSoRFfM.com,-6441061798664633028,-7059755001819101963,Cordula Tremaine,Amie Martel,University1,TechnicalReport37,Dean12,University1,University1,Institute8,University1
GraduateStudent254,27,rohit.o'murchu@fastmail.com,http://TarbkWGZbf7veGD.com,-5452152453902962028,3414182140169040535,Rohit O'Murchu,Randa Diretto,University1,ResearchAssistant15,FullProfessor16,University1,University1,Department5,University1
GraduateStudent255,43,bab.zimmer@gmx.net,http://y0cL3XG.com,8226248982913412075,-612065068413788565,Bab Zimmer,Rand Gardiner,University1,Professor20,Dean13,University1,University1,Department6,University1
GraduateStudent256,22,bryn.mcinnis@safe-mail.net,http://XFxBtx8xW8kry.com,2279182460421931389,-5603377102093420235,Bryn McInnis,Lesly Dumouchel,University1,Manual30,VisitingProfessor2,University1,University1,Department3,University1
GraduateStudent257,72,newton.keeler@safe-mail.net,http://sQfayNvHLBk.com,-383572092207899019,-6379365308578575801,Newton Keeler,Lanette Gosset,University1,JournalArticle10,Professor14,University1,University1,College67,University1
GraduateStudent258,23,lana.doan@hotmail.com,http://KlAluuF.com,-7532060752811075409,1905330757762756021,Lana Doan,Anatoli Spieker,University1,VisitingProfessor7,Dean15,University1,University1,Institute12,University1
GraduateStudent259,30,dupuy.kigyos@rocketmail.com,http://FKg1A.com,7785532982359987330,-6650432826400492702,Dupuy Kigyos,Annelise Daniel,University1,Software36,VisitingProfessor10,University1,University1,ResearchGroup6,University1
GraduateStudent260,43,janela.aparicio@yahoo.com,http://XSSQXH9aOo7hl.com,-5838558612647355395,7638442718152888944,Janela Aparicio,Verlyn Lenehan,University1,ResearchGroup4,VisitingProfessor6,University1,University1,Program17,University1
GraduateStudent261,22,yong.hitchings@outlook.com,http://4QwR2bbYbin.com,-2770242327874141435,8769271386089239219,Yong Hitchings,Lisha Renaud,University1,VisitingProfessor11,AssistantProfessor20,University1,University1,Department4,University1
GraduateStudent262,27,anabelle.cummings@gmx.net,http://LeQN5tMKkMJV.com,-8012037495430197918,-5312980990543532833,Anabelle Cummings,Nhien Aulakh,University1,Article46,AssociateProfessor20,University1,University1,Department1,University1
GraduateStudent263,17,ric.ebbinghaus@aol.com,http://AThGdjfnOHj3v7.com,4003349504459927093,1728478215665755780,Ric Ebbinghaus,Christoph Kulinski,University1,Faculty11,FullProfessor13,University1,University1,Institute18,University1
GraduateStudent264,54,bernadine.atp@live.com,http://VaydhWs51.com,6489640422691121402,1242111626871115673,Bernadine ATP,Farzad Nys,University1,Professor9,Chair8,University1,University1,Program12,University1
GraduateStudent265,52,olusola.kantor@outlook.com,http://8bnot9JtyWg14wk.com,5157658365746338048,6107247862953226553,Olusola Kantor,Alleen Moxon,University1,GraduateStudent154,Professor4,University1,University1,Organization1,University1
GraduateStudent266,39,darrin.doncell@hotmail.com,http://SuJaoXx.com,-5313778302850513786,3953656799999494249,Darrin Doncell,Mirella Kaya,University1,JournalArticle185,Professor19,University1,University1,Program12,University1
GraduateStudent267,48,bina.maier@rocketmail.com,http://2B1HZa3g8vn12pp.com,156884872432614437,7412139966981225587,Bina Maier,Modesty Neal,University1,Department7,AssistantProfessor13,University1,University1,University1,University1
GraduateStudent268,40,amnon.bunn@netdove.net,http://k5kASas1W.com,-3973760705387292674,7136535847130757503,Amnon Bunn,Jaya Bussey,University1,VisitingProfessor6,FullProfessor20,University1,University1,Program12,University1
GraduateStudent269,27,jewell.capes@msn.com,http://sEcw82y0.com,-4048193677915175138,8835328474633946358,Jewell Capes,Phylis Piraino,University1,Professor18,Professor3,University1,University1,University1,University1
GraduateStudent270,35,marcellina.hord@rocketmail.com,http://xcfaXfXuh023ebB.com,7420421396252279654,-939895387309922428,Marcellina Hord,Alphonso Panger,University1,Director5,AssociateProfessor17,University1,University1,Institute12,University1
GraduateStudent271,47,four.asawa@netdove.net,http://GagGDmfLJg.com,7017781012896930693,-4545846015458618817,Four Asawa,Thayne Fraser,University1,Chair5,Professor13,University1,University1,Organization1,University1
GraduateStudent272,30,lindy.ballinger@yahoo.com,http://LSj8nuij.com,-7386030121498755685,-8382553134188055037,Lindy Ballinger,Ilene McMahon,University1,Schedule8,Professor19,University1,University1,Program20,University1
GraduateStudent273,32,dian.hemme@fastmail.com,http://kEvRdjERsDO2.com,672616235003714999,-4521383043356643274,Dian Hemme,Ryman Damiano,University1,Work52,Chair4,University1,University1,Organization1,University1
GraduateStudent274,44,nurettin.towsley@msn.com,http://zQMN4yfQ.com,-6945879609802393290,2733971375613787910,Nurettin Towsley,Babita Kwast,University1,ResearchGroup2,Chair6,University1,University1,Department3,University1
GraduateStudent275,12,metrics.dudgeon@gmx.net,http://bME0LqgWx9U.com,-2723103382161936780,-278482309223860349,Metrics Dudgeon,Tonia Guarnera,University1,JournalArticle72,Chair13,University1,University1,Institute6,University1
GraduateStudent276,71,sheileagh.sauls@aim.com,http://Z60mPI.com,-5359421749059630245,3159989455776647403,Sheileagh Sauls,Madel Gan,University1,Department6,AssistantProfessor13,University1,University1,Program20,University1
GraduateStudent277,41,gilligan.kabolizadeh@msn.com,http://X9A9v2B2WWQb3.com,291097810375485813,-8365481515263078850,Gilligan Kabolizadeh,Valina Shaver,University1,VisitingProfessor5,AssociateProfessor2,University1,University1,Department4,University1
GraduateStudent278,55,correna.guarino@hotmail.com,http://rXIOELB6d.com,5566352250080986715,-373501569612283557,Correna Guarino,Asif Nimmo,University1,Book18,AssistantProfessor22,University1,University1,Program11,University1
GraduateStudent279,43,myrna.slyteris@hotmail.com,http://DO8nB2a.com,-1436826736456320719,6079552791656751877,Myrna Slyteris,Lachu Shiue,University1,Program4,AssistantProfessor6,University1,University1,Organization1,University1
GraduateStudent280,28,jesse.michaels@aol.com,http://QVEdA.com,-6605496658293268373,-5332800233129554560,Jesse Michaels,Shou-Mei Evenson,University1,ClericalStaff20,Chair6,University1,University1,University1,University1
GraduateStudent281,38,shaw.combos@hotmail.com,http://HkoJkd5Vv4M.com,1972891979781161836,-7079187104972194196,Shaw Combos,Tara Edmison,University1,Book24,AssociateProfessor8,University1,University1,University1,University1
GraduateStudent282,48,jayant.haig@safe-mail.net,http://rBu3ANBY0AW.com,-1216642818446304286,-5529651721686853095,Jayant Haig,Tran Pino,University1,PostDoc18,AssociateProfessor8,University1,University1,ResearchGroup10,University1
GraduateStudent283,47,caren.ku@rocketmail.com,http://WdwfdSuyYEPu8.com,-417173622229315144,-3352954969644743131,Caren Ku,Arno Rosado,University1,VisitingProfessor5,Dean8,University1,University1,Institute1,University1
GraduateStudent284,37,jennine.krol@rocketmail.com,http://mu10U7X.com,-7133720204527895009,-7221011499515394643,Jennine Krol,Ram Trieu,University1,ResearchGroup15,Chair13,University1,University1,ResearchGroup5,University1
GraduateStudent285,45,timmy.nethersole@live.com,http://VMhlntl7.com,-8938504591281206283,-5219720855647999059,Timmy Nethersole,Eba Lystuik,University1,Person176,VisitingProfessor7,University1,University1,College41,University1
GraduateStudent286,54,elaine.merrithew@outlook.com,http://ZYkcPfXJ.com,7594930441722734590,-3056849035077674594,Elaine Merrithew,Lilyan Plenderleith,University1,ResearchAssistant47,FullProfessor3,University1,University1,ResearchGroup10,University1
GraduateStudent287,40,myrlene.nedderman@hotmail.com,http://xLcH17wQ8FGW.com,6594173081898907234,4249971097071282263,Myrlene Nedderman,Jo-Marie Presner,University1,TeachingAssistant25,VisitingProfessor10,University1,University1,College3,University1
GraduateStudent288,29,courtnay.gomm@gmx.net,http://SpNFEpFQ.com,6418890718193028377,-3437683355683763164,Courtnay Gomm,Josanne Tieu,University1,TechnicalReport56,Dean2,University1,University1,University1,University1
GraduateStudent289,53,irita.d'cruz@yahoo.com,http://hEEtKGXK.com,7237790755747037469,-1962389852187659048,Irita D'Cruz,Teruko Craghead,University1,Software71,AssociateProfessor13,University1,University1,Institute3,University1
GraduateStudent290,34,shellie.holness@hush.com,http://WihHCntRpz7.com,-1972984367825181539,450727638231062566,Shellie Holness,Chelsae Watchorn,University1,Article9,Dean15,University1,University1,Program17,University1
GraduateStudent291,48,glenda.setiawan@gmail.com,http://VK7mNtcyWuV.com,3295360766303022037,-2639223840474473839,Glenda Setiawan,Melisse Spann,University1,Student260,Dean6,University1,University1,Institute12,University1
GraduateStudent292,33,jerrie.faou@gmx.net,http://gbPMo5XWAUS.com,1164108736535375481,6732948794887706722,Jerrie Faou,Filibert Paterson,University1,SystemsStaff7,Professor13,University1,University1,College31,University1
GraduateStudent293,47,naomi.rundle@hotmail.com,http://Hr1V2SFQJVg.com,-9164078625290585728,704144932700962655,Naomi Rundle,Theo Pozzi,University1,ResearchGroup9,Chair5,University1,University1,ResearchGroup7,University1
GraduateStudent294,28,luann.machan@fastmail.com,http://NMGjUrBPkZrz.com,4178806339962495516,-2807326702711499144,Luann Machan,Angela Litz,University1,GraduateStudent230,FullProfessor15,University1,University1,Program4,University1
GraduateStudent295,56,priti.merciline@safe-mail.net,http://7f52QF7.com,3389731921539188352,2239949708431930885,Priti Merciline,Kast Desilets,University1,GraduateStudent288,FullProfessor14,University1,University1,Program18,University1
GraduateStudent296,48,carolien.thibeault@yahoo.com,http://NogaHxA1ueDbrRG.com,-4500153743712350698,4701899629553636140,Carolien Thibeault,Kai Chevarie,University1,Chair10,Professor17,University1,University1,Institute12,University1
GraduateStudent297,25,maaike.amstutz@hotmail.com,http://3NdgbJYcWJHr.com,-1659562309409834760,4730503570065296615,Maaike Amstutz,Mitsuko Trainer,University1,Employee63,Dean13,University1,University1,Institute8,University1
GraduateStudent298,35,vilok.bales@msn.com,http://4b0FMCqrkAffz.com,-5643347322146552090,-8637077519395870019,Vilok Bales,Florencia Estep,University1,PostDoc18,AssistantProfessor23,University1,University1,Department2,University1
GraduateStudent299,52,sheela.michelsen@aim.com,http://XgHmlKgKdjM.com,-5670345039189155973,-8091679312436565566,Sheela Michelsen,Brittan Dubois,University1,Institute1,AssociateProfessor20,University1,University1,College19,University1
GraduateStudent300,39,clay.durling@gmx.net,http://MqbOiCVUvI1v.com,7639706196281374331,1059737075143489117,Clay Durling,Scotty Miko,University1,Professor10,Chair11,University1,University1,College98,University1
