UndergraduateStudent1,23,deni.boehms@gmail.com,http://ewoyKr9RvIyg2.com,-4219097343445135142,7529189183611651491,Deni Boehms,Lotti Fortman,University1,FullProfessor18,Chair2,University1,University1,Institute14,University1
UndergraduateStudent2,56,cynde.fon@rocketmail.com,http://szTC8.com,8530406332384322772,1422921461524691545,Cynde Fon,Stefa Grandmason,University1,AssociateProfessor15,Chair14,University1,University1,College69,University1
UndergraduateStudent3,41,marys.finn@msn.com,http://Z5HfSM3ZPv9E.com,5456028146913021279,7128591546574402902,Marys Finn,Jesse Piqueras,University1,ResearchGroup10,AssociateProfessor4,University1,University1,Program2,University1
UndergraduateStudent4,57,arch.manoukian@live.com,http://hC2YAsLJ9vcRB0c.com,-5002953143809446536,-5030497494043447867,Arch Manoukian,Jeanelle Chan,University1,VisitingProfessor15,VisitingProfessor1,University1,University1,Department7,University1
UndergraduateStudent5,56,jerrie.markiewicz@mail.com,http://371we.com,-6809142865656009812,-2315212799349763846,Jerrie Markiewicz,Talya Zhou,University1,Research119,Dean11,University1,University1,University1,University1
UndergraduateStudent6,62,zere.westmoreland@aim.com,http://j9AYj6.com,942699082855446056,8822080812723853775,Zere Westmoreland,Joscelin Banigan,University1,ClericalStaff3,VisitingProfessor9,University1,University1,Program14,University1
UndergraduateStudent7,35,haroon.sato@mail.com,http://MPd8ZkClwrOMQr.com,-3332940489357042611,4486475107587800504,Haroon Sato,Dacia Halula,University1,Person29,AssociateProfessor18,University1,University1,ResearchGroup9,University1
UndergraduateStudent8,23,heather.pohlmann@yahoo.com,http://EWOLpEKc.com,4478781727315363150,614596644017325216,Heather Pohlmann,Charo Gudgeon,University1,ResearchGroup8,Professor1,University1,University1,College7,University1
UndergraduateStudent9,46,mal.khadbai@msn.com,http://LYwGWQ8B.com,-300466504430649482,-1730655571031065604,Mal Khadbai,Eudora Gibeault,University1,VisitingProfessor1,Dean14,University1,University1,Institute10,University1
UndergraduateStudent10,44,charmane.bilovus@mail.com,http://WKmWXnh.com,133664757634190412,-6437599611444388681,Charmane Bilovus,Louis-Rene Becan,University1,PostDoc22,AssociateProfessor18,University1,University1,Department7,University1
UndergraduateStudent11,56,yuan.trisko@safe-mail.net,http://aRg331Q1rWa3D3.com,508482826862272785,8692778371428959788,Yuan Trisko,Abdalla Dagert,University1,FullProfessor25,AssistantProfessor14,University1,University1,Institute14,University1
UndergraduateStudent12,24,zan.priestley@fastmail.com,http://mepmLzSbshnYyQ.com,-1996427755371419498,-1772892199919095870,Zan Priestley,Jabir Bloedon,University1,Dean20,Chair13,University1,University1,Institute13,University1
UndergraduateStudent13,38,demet.pollack@aol.com,http://NeUpH9Vaqc4kQ.com,-2160227299104099003,-2079295830295771018,Demet Pollack,Preston Donohoe,University1,Specification1,Dean6,University1,University1,Department3,University1
UndergraduateStudent14,46,liem.jcst@aol.com,http://7sw5M.com,6015655060498471894,6556127066462745590,Liem Jcst,Mariejeanne Blaauw,University1,SystemsStaff5,VisitingProfessor3,University1,University1,Organization1,University1
UndergraduateStudent15,30,noami.lenir@outlook.com,http://iQBK4.com,-6216751085368007550,-1986016134900998799,Noami Lenir,Josine Peckel,University1,University1,Dean14,University1,University1,Organization1,University1
UndergraduateStudent16,53,frieda.beine@hush.com,http://gldRuokKey.com,-3106893787406062033,-3411584061121461642,Frieda Beine,Stu Muldoon,University1,Research99,AssistantProfessor25,University1,University1,College90,University1
UndergraduateStudent17,59,tuhina.schmeing@hush.com,http://4is7YcmffE.com,3871976944632408950,-4062753666594359177,Tuhina Schmeing,Lsi O'Farrell,University1,Director7,Dean19,University1,University1,College50,University1
UndergraduateStudent18,55,margaretta.malaher@msn.com,http://4mPZbqgkcxq5EO.com,3795675249368433440,-6820262456129502412,Margaretta Malaher,Emmi Lonergan,University1,College79,AssistantProfessor24,University1,University1,ResearchGroup11,University1
UndergraduateStudent19,38,maciej.funamoto@rocketmail.com,http://s2augxeLhL2.com,3216027075825316390,-520191757659491886,Maciej Funamoto,Lubomir Rankin,University1,College34,Professor20,University1,University1,College39,University1
UndergraduateStudent20,32,zanni.satterfield@rocketmail.com,http://CmvuzDgTCbAqbh.com,-632840328575578010,5846926972165672756,Zanni Satterfield,Carlynne Sigurdson,University1,Specification18,VisitingProfessor14,University1,University1,Organization1,University1
UndergraduateStudent21,65,mandy.pendharkar@live.com,http://azwbF.com,-713276136430681502,7118783228132824384,Mandy Pendharkar,Dan Sorathia,University1,Faculty13,Chair7,University1,University1,Institute6,University1
UndergraduateStudent22,45,winna.qu@gmail.com,http://pq4DXHGnVy.com,-5622495294592370844,8636571676934689217,Winna Qu,Chandran Radulovich,University1,Book4,AssociateProfessor2,University1,University1,Program16,University1
UndergraduateStudent23,39,deirdre.marshman@yahoo.com,http://AOw5oiV7R4cM9wb.com,-4743813728658341674,7870903854301959877,Deirdre Marshman,Lauryn COKOL,University1,AssociateProfessor15,Chair8,University1,University1,College45,University1
UndergraduateStudent24,36,lrc.zbib@gmx.net,http://Xb4SxKmy.com,-6673108496291199264,-2795740912430892009,Lrc Zbib,Bobb Tobias,University1,Lecturer21,AssociateProfessor12,University1,University1,Organization1,University1
UndergraduateStudent25,21,alfonso.d'cruz@aol.com,http://akmtakK4i25buto.com,1554566443372917081,7149238993911060425,Alfonso D'Cruz,Jerrie Crompton,University1,Institute18,AssociateProfessor1,University1,University1,Program1,University1
UndergraduateStudent26,11,eachelle.rangooni@msn.com,http://aOLk9Ma4NKSd7fN.com,-6799610184857086093,113305918597589486,Eachelle Rangooni,Ernaline Berning,University1,Software85,Chair6,University1,University1,University1,University1
UndergraduateStudent27,51,sattar.rimmler@aol.com,http://W8AY0T0aasa.com,-8781401294308424174,3933419011772450465,Sattar Rimmler,Ericha Eide,University1,ResearchGroup4,Professor13,University1,University1,Institute8,University1
UndergraduateStudent28,52,sherwood.lukers@aol.com,http://8xwig.com,6844988840181899538,-6857358149920859063,Sherwood Lukers,Hank McKeen,University1,Publication100,AssociateProfessor13,University1,University1,College64,University1
UndergraduateStudent29,44,analiese.doczy@rocketmail.com,http://9Dl2UlOgBgo.com,5111213177779029633,-8412141208868789186,Analiese Doczy,Cookie Huguin,University1,JournalArticle31,AssociateProfessor19,University1,University1,College67,University1
UndergraduateStudent30,40,levent.walchli@aol.com,http://cfmYupi.com,935795504514025440,-3188789072622093989,Levent Walchli,Alys Rogge,University1,Publication8,AssociateProfessor20,University1,University1,Organization1,University1
UndergraduateStudent31,35,pierrick.huret@aol.com,http://YNFt89MXd.com,-6569326688938191321,-2199498802586647679,Pierrick Huret,Sol Sobolewski,University1,University1,Professor12,University1,University1,Department1,University1
UndergraduateStudent32,35,hope.sim@rocketmail.com,http://D2bdbQ1rq.com,-7282411713214399683,-7012473815994707801,Hope Sim,Gita Bambach,University1,Schedule13,AssistantProfessor8,University1,University1,Program7,University1
UndergraduateStudent33,36,shiv.morek@mail.com,http://upOsYUqy9HqoU.com,-7748557134109570529,-1287337988683984967,Shiv Morek,Marie Mach,University1,ResearchAssistant51,Chair1,University1,University1,Program8,University1
UndergraduateStudent34,37,gerry.maciejewski@outlook.com,http://wrFFr.com,7388106784065404723,7840764909839355680,Gerry Maciejewski,Joshua Kohl,University1,UnofficialPublication27,VisitingProfessor9,University1,University1,ResearchGroup12,University1
UndergraduateStudent35,36,atlante.dilley@aim.com,http://jTGUumT5ubW.com,-3878785152944326193,-2040591796341302505,Atlante Dilley,Leanna Beil,University1,TechnicalReport2,VisitingProfessor7,University1,University1,ResearchGroup1,University1
UndergraduateStudent36,72,emelda.gerth@aol.com,http://oDdqg.com,8922093603813114494,1318691548340157283,Emelda Gerth,Nike Hislop,University1,Director14,Dean18,University1,University1,ResearchGroup13,University1
UndergraduateStudent37,50,thanh-tinh.hackett@yahoo.com,http://CbvljGN.com,-1060727603589170394,4719272452087618378,Thanh-Tinh Hackett,Beckie Landriault,University1,TeachingAssistant13,Chair15,University1,University1,Department5,University1
UndergraduateStudent38,41,anker.fainecos@live.com,http://kr3rMgUd.com,-128541308700602981,-176542776253214121,Anker Fainecos,Nicholas Herod,University1,Software13,Chair10,University1,University1,Department3,University1
UndergraduateStudent39,48,johnath.translations@yahoo.com,http://E4PIl5UVLD2C2.com,-4199661459813250847,-7034897880163857983,Johnath Translations,Ankie Deschiffart,University1,Manual66,AssociateProfessor1,University1,University1,Department7,University1
UndergraduateStudent40,55,georgianne.pietropaolo@hotmail.com,http://B3dzhaUyDQ9.com,-1238694538599478650,1731416958141718595,Georgianne Pietropaolo,Piero Payette,University1,UndergraduateStudent136,Professor1,University1,University1,Program19,University1
UndergraduateStudent41,40,karole.minegishi@gmx.net,http://vQJpF6N.com,3389658150969012507,-656845690833354910,Karole Minegishi,Judi Lasch,University1,UndergraduateStudent196,Professor2,University1,University1,Program13,University1
UndergraduateStudent42,42,tricci.loughran@live.com,http://SvUr5yms.com,-6316075526581748779,-6042976125682469827,Tricci Loughran,Tabatha Rosch,University1,Dean13,Professor18,University1,University1,Department2,University1
UndergraduateStudent43,37,advance.golder@hush.com,http://bBtR6q86FUlrpXY.com,-218246105625440243,3193004824377725273,Advance Golder,Peria Casas,University1,Student212,VisitingProfessor2,University1,University1,Organization1,University1
UndergraduateStudent44,51,liva.penfield@gmail.com,http://If3QbzCeK.com,2457792143627089296,2941235192836922738,Liva Penfield,Leddy Hoque,University1,ResearchGroup4,Dean15,University1,University1,Institute4,University1
UndergraduateStudent45,55,netty.slattery@outlook.com,http://C88zTC6eXrjb.com,4111703157441609718,-7419819314628836734,Netty Slattery,Huelsman Kyle,University1,GraduateStudent81,AssistantProfessor23,University1,University1,Institute10,University1
UndergraduateStudent46,29,mozelle.brockschmidt@outlook.com,http://1lXY1o3kO.com,2560248250753269538,-729681141534975869,Mozelle Brockschmidt,Mimi Ainsworth,University1,Program4,Professor8,University1,University1,University1,University1
UndergraduateStudent47,24,simulation.revah@fastmail.com,http://fniGi0K9ARqe.com,-5320910378756524439,5697292919416202664,Simulation Revah,Yousef Adolph,University1,Faculty3,Professor5,University1,University1,Program14,University1
UndergraduateStudent48,7,luuk.pepple@aol.com,http://wTdAQP.com,-1223183273061154241,5050067170825332951,Luuk Pepple,Cyb Sanson,University1,TechnicalReport2,Dean10,University1,University1,Program11,University1
UndergraduateStudent49,43,rozele.kingsbury@netdove.net,http://izQF6dI4.com,-7522257817418036455,8913184008674504685,Rozele Kingsbury,Goldwyn Millward,University1,ResearchGroup7,Professor2,University1,University1,Program7,University1
UndergraduateStudent50,38,stacey.klimon@gmail.com,http://GS0hW.com,4190376428527724070,-7163458437205246080,Stacey Klimon,Yue-Min Pattison,University1,College62,AssociateProfessor12,University1,University1,Program12,University1
UndergraduateStudent51,42,cherey.nokes@rocketmail.com,http://2HS13NbG0x.com,-378685215453689759,-1880882529641996260,Cherey Nokes,Valerie Lenathen,University1,Director10,Dean9,University1,University1,Institute18,University1
UndergraduateStudent52,43,rozalia.lahteenmaa@gmx.net,http://RKc7ec.com,-982508111856953922,-6320363571439026418,Rozalia Lahteenmaa,Julien Swanston,University1,Department7,Professor11,University1,University1,University1,University1
UndergraduateStudent53,27,suk-yin.mcshane@hush.com,http://GCHya95edM.com,-1807996942633813042,-2678944444204767102,Suk-Yin Mcshane,Cecilia Malhotra,University1,Professor5,AssistantProfessor23,University1,University1,ResearchGroup12,University1
UndergraduateStudent54,24,aimil.sahli@live.com,http://BxQed.com,2083140382908363627,3018673878014008424,Aimil Sahli,Janine SMith,University1,TeachingAssistant20,Chair3,University1,University1,Institute20,University1
UndergraduateStudent55,11,tyne.linkletter@safe-mail.net,http://mVoZf.com,605470155627299646,-312189617557174525,Tyne Linkletter,Garland Bourret,University1,AssistantProfessor1,FullProfessor4,University1,University1,ResearchGroup10,University1
UndergraduateStudent56,49,sriv.shears@hush.com,http://RzUDquKZZ0FvWb.com,-5928712676647698342,-7030322269943817069,Sriv Shears,Rosaline Huitt,University1,Work66,Chair1,University1,University1,Program10,University1
UndergraduateStudent57,57,demet.zajac@outlook.com,http://0nOwQ0jR4byTU0.com,2957309390282951413,1425972410872642302,Demet Zajac,Seyma Lipscomb,University1,Lecturer30,VisitingProfessor2,University1,University1,University1,University1
UndergraduateStudent58,42,erwin.burness@netdove.net,http://wPUSYSiPNom.com,-1786743271578565283,7445660537342187272,Erwin Burness,Sheri Nickells,University1,Program13,Professor16,University1,University1,University1,University1
UndergraduateStudent59,34,ty.alanis@gmail.com,http://ogWb1sroxvuWi4u.com,4134210426027002788,-1496902357631272904,Ty Alanis,Grady Fujimoto,University1,Program10,Chair12,University1,University1,College98,University1
UndergraduateStudent60,32,lainey.ashton@fastmail.com,http://HcEhosBQZ2Gn.com,2528001642850372337,2514322498604541997,Lainey Ashton,Rici Charest,University1,TeachingAssistant30,AssociateProfessor12,University1,University1,Institute10,University1
UndergraduateStudent61,59,erin.kazimierski@hush.com,http://3biG0rxULJGTx.com,537508978656255974,2165653496281238534,Erin Kazimierski,Radio Zukosky,University1,Department5,VisitingProfessor7,University1,University1,University1,University1
UndergraduateStudent62,55,gale..deatherage@aol.com,http://FaHJwR.com,240613457117809886,3026941606798741613,Gale  Deatherage,Miguel Carson,University1,Lecturer71,VisitingProfessor1,University1,University1,University1,University1
UndergraduateStudent63,24,beatriz.hurst@safe-mail.net,http://p6mMgXoM9MjHzec.com,-489045025482798291,6134830768415824037,Beatriz Hurst,Bonnar Sabol,University1,Course23,Chair14,University1,University1,Organization1,University1
UndergraduateStudent64,32,selinda.cricker@netdove.net,http://MK4RmwzGaaWHI.com,-8959703207779305209,-8157034708180157842,Selinda Cricker,Tresa Gunasekera,University1,Dean19,Chair9,University1,University1,Program9,University1
UndergraduateStudent65,44,benedetta.schmitigalntmvaa@yahoo.com,http://74GbOwRKv.com,7119641913211302114,-2323957817322394077,Benedetta SchmitigalNTMVAA,Vinita Spurway,University1,Director15,Professor14,University1,University1,Program3,University1
UndergraduateStudent66,52,deanne.reinwald@live.com,http://ucdPN4nvU0jS.com,2329629998726012375,308691375964864569,DeAnne Reinwald,Norman Shaughnessy,University1,TechnicalReport26,VisitingProfessor5,University1,University1,College95,University1
UndergraduateStudent67,53,gokal.descotes@outlook.com,http://Bc6tMWB9Qduoth.com,-5685857209760574954,-5511090761249315408,Gokal Descotes,Hari Caza,University1,ResearchAssistant32,Professor17,University1,University1,Institute7,University1
UndergraduateStudent68,17,melek.d'silva@gmail.com,http://8PBiR1G9FF.com,1255610859474711593,-867002681404378183,Melek D'Silva,Hendra Rydhan,University1,Schedule5,FullProfessor15,University1,University1,Institute1,University1
UndergraduateStudent69,51,sapphira.devenyns@gmail.com,http://MxzhHcR.com,-2241814909322743549,-3820761177242729037,Sapphira Devenyns,Ricca Feil,University1,Organization1,FullProfessor1,University1,University1,Department3,University1
UndergraduateStudent70,29,bernardo.glowa@fastmail.com,http://lRGWdP.com,4990040578897752230,-4205870436718147732,Bernardo Glowa,Nicolle Lem,University1,Work20,Professor3,University1,University1,Institute6,University1
UndergraduateStudent71,44,eartha.bousfield@hotmail.com,http://JpS0WzFq0J5pO.com,2362724530129751692,-7389871440177983674,Eartha Bousfield,Kandy Grafton,University1,Professor6,Chair1,University1,University1,ResearchGroup5,University1
UndergraduateStudent72,29,annice.valente@hotmail.com,http://WqcayW.com,336444444394535356,4390376933138668060,Annice Valente,Maggi Jacques,University1,Person288,AssociateProfessor4,University1,University1,University1,University1
UndergraduateStudent73,27,gloriana.mcsween@yahoo.com,http://iobDMjT4STi.com,-3816507621836846568,-7300404825131685592,Gloriana McSween,Yarlanda Hiscott,University1,TeachingAssistant23,AssistantProfessor11,University1,University1,Program11,University1
UndergraduateStudent74,47,koko.wagner@gmx.net,http://w4rJjyd9OgOsBks.com,-5584975790866435811,3554493879847733701,Koko Wagner,Rosa Pelosi,University1,TeachingAssistant11,VisitingProfessor14,University1,University1,Institute5,University1
UndergraduateStudent75,43,cairistiona.slade@fastmail.com,http://W7jNxc.com,7236697061782497078,-5205582490866484114,Cairistiona Slade,Ben Bourdin,University1,Book5,Professor7,University1,University1,College43,University1
UndergraduateStudent76,55,gabe.pkg@fastmail.com,http://6p6C1ahEJzuYhTP.com,1541404520627690420,8701759496337482669,Gabe Pkg,Amalea Dowding,University1,AssistantProfessor11,Professor12,University1,University1,Program5,University1
UndergraduateStudent77,34,constancy.vangastel@aim.com,http://pHsWhia.com,6810841816945790917,-1081131567732308994,Constancy VanGastel,Meara Fetzko,University1,Schedule2,AssociateProfessor16,University1,University1,University1,University1
UndergraduateStudent78,67,subhra.yum@live.com,http://ingiSdjDJb.com,-750891214291234217,-6752517776236565206,Subhra Yum,Pascal Gozen,University1,PostDoc5,VisitingProfessor6,University1,University1,ResearchGroup4,University1
UndergraduateStudent79,6,esmaria.delaat@outlook.com,http://hBgFLVHby.com,-6069898841703219581,-8868374962199746038,Esmaria Delaat,Geer Sconzo,University1,Lecturer18,Professor8,University1,University1,College68,University1
UndergraduateStudent80,43,dayna.rollo@netdove.net,http://KTMvYVc6.com,8596433013712405437,-8828398457000784285,Dayna Rollo,Felecia Ciaschi,University1,Schedule10,Professor9,University1,University1,Department1,University1
UndergraduateStudent81,35,ardenia.dover@live.com,http://e2koiNuWTacRz5H.com,-6178028688291177605,-1064230548603129387,Ardenia Dover,Mai Bui,University1,Software98,VisitingProfessor10,University1,University1,ResearchGroup8,University1
UndergraduateStudent82,34,harrison.hollingshead@netdove.net,http://qfFLnvpYat.com,-6303834552586427147,7833461575617864807,Harrison Hollingshead,Bep Feddeman,University1,Institute17,VisitingProfessor6,University1,University1,Institute12,University1
UndergraduateStudent83,28,kori.labranche@hush.com,http://E3aA3.com,2861444145999216371,-6456613590895090909,Kori Labranche,Claudette Hutt,University1,Department1,AssistantProfessor12,University1,University1,ResearchGroup5,University1
UndergraduateStudent84,51,chocs.shwed@hotmail.com,http://ueThEoiVnB3F.com,6065531841903964211,-7628050868340449936,Chocs Shwed,Michiko Bibr,University1,Lecturer62,FullProfessor18,University1,University1,Organization1,University1
UndergraduateStudent85,41,sapphire.raglin@netdove.net,http://zKqH76RleWrg.com,-8332135229729641270,3171899996661431778,Sapphire Raglin,Leanora Dommety,University1,Book16,AssociateProfessor10,University1,University1,University1,University1
UndergraduateStudent86,28,sibilla.zawadka@yahoo.com,http://p1QdzPNjZ415Qn8.com,-4978233256210167444,4586154003369423139,Sibilla Zawadka,Joe Jamison,University1,Organization1,Professor9,University1,University1,College17,University1
UndergraduateStudent87,42,lin.wanda@aol.com,http://HHA2UTtf3oLJHV.com,3156317957084481301,6455599111841313407,Lin Wanda,Delora Vasile,University1,University1,AssociateProfessor11,University1,University1,Program1,University1
UndergraduateStudent88,39,snair.blidy@fastmail.com,http://cSsY9okx4VafYCQ.com,-9174396949995473269,2773799200816020286,Snair Blidy,Gretal Cutrufello,University1,Software61,VisitingProfessor8,University1,University1,University1,University1
UndergraduateStudent89,46,tetsumo.hampson@aol.com,http://nq3Lpn.com,-1440161755839018711,2826743549678649510,Tetsumo Hampson,Lillien Luwemba,University1,JournalArticle137,Chair11,University1,University1,ResearchGroup12,University1
UndergraduateStudent90,42,phedra.toyooka@yahoo.com,http://pFufnhie.com,4449593493038131347,1888068808631372623,Phedra Toyooka,Fredelia Gomez,University1,Person125,VisitingProfessor7,University1,University1,ResearchGroup12,University1
UndergraduateStudent91,28,betty-anne.hilla@live.com,http://zoCuWRQigeQ.com,3839117882357709641,6161107303748584240,Betty-Anne Hilla,Hon-Kong Pathak,University1,ClericalStaff18,Dean12,University1,University1,Institute14,University1
UndergraduateStudent92,55,inna.bienek@hush.com,http://6A8SeUOmoO.com,8224336933406687628,2139308394305390435,Inna Bienek,Joseph Cozzi,University1,Institute12,Professor18,University1,University1,ResearchGroup9,University1
UndergraduateStudent93,3,whitney.gravitte@hush.com,http://RlxUfeCxN3PFZoT.com,-8620398208357317512,2411598656601146645,Whitney Gravitte,Reta Beattie,University1,SystemsStaff6,Chair10,University1,University1,Organization1,University1
UndergraduateStudent94,41,pierre-alain.dyrdahl@hotmail.com,http://IcoVJ9BibyC.com,-4710392476164993503,-5819676905081391069,Pierre-Alain Dyrdahl,Milli Delorenzi,University1,UnofficialPublication18,Chair4,University1,University1,ResearchGroup7,University1
UndergraduateStudent95,38,carolann.tudo@aim.com,http://7NCRcpJJjQQoLm.com,-1685897691209508615,-4757227720027740905,Carolann Tudo,Tana Mcilroy,University1,Publication135,Professor5,University1,University1,University1,University1
UndergraduateStudent96,55,gates.kenkel@safe-mail.net,http://OiKVGAWKVgTR.com,480597317369955571,-361298350057405312,Gates Kenkel,Izumi Grewal,University1,Research75,FullProfessor22,University1,University1,Program3,University1
UndergraduateStudent97,26,patches.janseen@live.com,http://Q9HoFY4WMLlihmK.com,3446718733965795190,-1473371345314967166,Patches Janseen,Dev Mundy,University1,University1,VisitingProfessor5,University1,University1,ResearchGroup5,University1
UndergraduateStudent98,33,cathal.ormesher@netdove.net,http://MPIxbcl.com,-869978364315874953,5091364948197186347,Cathal Ormesher,Fernand Geneau,University1,Dean19,AssociateProfessor6,University1,University1,University1,University1
UndergraduateStudent99,40,alwyn.aronstam@aol.com,http://yhljgVTXo64.com,-4775839566853636829,-8421912413913743897,Alwyn Aronstam,Shya-Yun Aghi,University1,Dean3,VisitingProfessor9,University1,University1,Department6,University1
UndergraduateStudent100,23,nannie.chadwick@mail.com,http://UEbDBF.com,8175997836186566191,4996285451266323723,Nannie Chadwick,Corene Rombeek,University1,Dean19,VisitingProfessor8,University1,University1,Organization1,University1
UndergraduateStudent101,41,zuben.annab@hush.com,http://bHl6d.com,7441262093050940806,8761212669469252157,Zuben Annab,Tian Tischler,University1,Program19,FullProfessor7,University1,University1,Organization1,University1
UndergraduateStudent102,35,wladyslaw.adamczyk@msn.com,http://R9FecLp23qQU5m.com,6163428370263825773,-2733033053585010080,Wladyslaw Adamczyk,Jordan O'Murchu,University1,AdministrativeStaff26,Chair15,University1,University1,College18,University1
UndergraduateStudent103,30,barney.mahin@hotmail.com,http://Ws8QQ.com,4980849341022997264,2572862252687294471,Barney Mahin,Minni Gouldson,University1,University1,VisitingProfessor7,University1,University1,ResearchGroup12,University1
UndergraduateStudent104,37,lyne.lahey@aim.com,http://kHxssA.com,-6943308092458877279,2917040436230620155,Lyne Lahey,Sibella Perkins,University1,College74,Dean20,University1,University1,University1,University1
UndergraduateStudent105,52,cho.donak@yahoo.com,http://60PuAb.com,-8927009892964590875,-6719613339864430597,Cho Donak,Mariel Papantonis,University1,TechnicalReport59,Dean13,University1,University1,Department3,University1
UndergraduateStudent106,46,ramana.whetston@rocketmail.com,http://ODvls.com,-4378574172401388931,-3938044222101576193,Ramana Whetston,Tarrah Bailloux,University1,Employee17,Professor10,University1,University1,Organization1,University1
UndergraduateStudent107,80,jenifer.pryor@hotmail.com,http://c8yOIn7cJoPNdcT.com,-3964536516961860384,798036038877173550,Jenifer Pryor,Collie Nafezi,University1,Dean6,Dean12,University1,University1,University1,University1
UndergraduateStudent108,38,cindy.sherrill@outlook.com,http://l6YoscWwTPn7.com,8848849301144420141,8930260159851438010,Cindy Sherrill,Meridith Pillman,University1,Book8,AssistantProfessor5,University1,University1,Institute20,University1
UndergraduateStudent109,18,emily.nadler@fastmail.com,http://OsY78GBJR6dQYj.com,-651751518625338280,-4849949872989254390,Emily Nadler,Ardath Network-Ops,University1,Research82,Chair10,University1,University1,Institute10,University1
UndergraduateStudent110,48,fidelia.taraschuk@outlook.com,http://74anba6ESr.com,-2337240286667503583,2217597426772829640,Fidelia Taraschuk,June Leeson,University1,JournalArticle20,FullProfessor7,University1,University1,Institute8,University1
UndergraduateStudent111,51,margeaux.falkenstrom@fastmail.com,http://1A4ciwHQnYeLGM5.com,7084194947514627989,5817333028613595561,Margeaux Falkenstrom,Sharad Sepko,University1,FullProfessor6,AssociateProfessor19,University1,University1,University1,University1
UndergraduateStudent112,40,eladio.swanston@aol.com,http://WilQPbM0.com,3820171728966849619,2255142498631111276,Eladio Swanston,Brigitta Capes,University1,TechnicalReport21,FullProfessor16,University1,University1,ResearchGroup12,University1
UndergraduateStudent113,50,zara.moubarak@mail.com,http://EoHAgDNdVJel.com,-4173842939007084633,-6613087130414008227,Zara Moubarak,Joletta Salam,University1,AssociateProfessor16,VisitingProfessor13,University1,University1,Program20,University1
UndergraduateStudent114,43,oral.qureshi@hush.com,http://lxWNEFufhDTIX.com,4552109915800592798,4496961875687919712,Oral Qureshi,Karan Diradmin,University1,Article25,AssistantProfessor7,University1,University1,University1,University1
UndergraduateStudent115,26,merry.spingola@gmx.net,http://WIwgFSlIw.com,-1953247322707520194,836470004246658027,Merry Spingola,Jessica McCaugherty,University1,ResearchGroup4,AssociateProfessor5,University1,University1,Department7,University1
UndergraduateStudent116,41,jay.combaz@netdove.net,http://mo6hbH8ohXhN.com,8425437350635760353,3543160173014076454,Jay Combaz,Bebe Calleja,University1,SystemsStaff11,Chair1,University1,University1,Department7,University1
UndergraduateStudent117,56,olia.daoud@gmx.net,http://gMGNk.com,-3858401840695458491,-4205520863507146502,Olia Daoud,Kassey Gadher,University1,Dean18,Chair6,University1,University1,University1,University1
UndergraduateStudent118,20,beryle.cech@safe-mail.net,http://5avZb4NJGncv.com,2886431767140880478,1910909138982263730,Beryle Cech,Evaleen Groff,University1,Person481,VisitingProfessor2,University1,University1,ResearchGroup8,University1
UndergraduateStudent119,19,collette.channa@hotmail.com,http://yEXP6Q2A.com,-787065447578680663,-736876519986629630,Collette Channa,Zia Fong,University1,ConferencePaper105,AssistantProfessor3,University1,University1,College14,University1
UndergraduateStudent120,38,merb.xpmbld@hush.com,http://qqXFb95Sfa4ab5P.com,-825105649807159301,-3677916190533571901,Merb Xpmbld,Sebastian Penfield,University1,Person339,VisitingProfessor8,University1,University1,University1,University1
UndergraduateStudent121,14,ericha.moshtagh@aol.com,http://wyskzK3A3xroN.com,8367555594351197100,-1333522980468395618,Ericha Moshtagh,Alexis Akita,University1,PostDoc15,AssistantProfessor2,University1,University1,College95,University1
UndergraduateStudent122,65,dante.murphy-king@netdove.net,http://FU0C6WKX.com,5950155984403762482,1434417984572688948,Dante Murphy-king,Semmler Sabat,University1,Chair1,AssistantProfessor7,University1,University1,Organization1,University1
UndergraduateStudent123,31,eden.seniuk@live.com,http://ru4WWtLcC.com,-7629437458577519776,5621927318526547126,Eden Seniuk,Konstance Kuryliak,University1,TeachingAssistant22,FullProfessor20,University1,University1,College18,University1
UndergraduateStudent124,42,charin.krowlek@aol.com,http://qSC58pk8w8.com,6716510654523016464,-2819785148674341755,Charin Krowlek,Sharad Duguay,University1,Article14,Professor3,University1,University1,College51,University1
UndergraduateStudent125,37,katine.janseen@msn.com,http://GPmYZQkdL.com,-5503191780052236189,-4970449361363622195,Katine Janseen,Grazia Hogeboom,University1,Institute8,Chair11,University1,University1,Institute20,University1
UndergraduateStudent126,26,yuko.morgan-cavallaro@gmx.net,http://crxaUR.com,-7417877393699225789,3271304190382389903,Yuko Morgan-Cavallaro,Payroll Homayoun,University1,Schedule17,AssociateProfessor1,University1,University1,College65,University1
UndergraduateStudent127,15,nessy.wester@netdove.net,http://2qffW8SuV9.com,6418867441415097150,-4616947664074942385,Nessy Wester,Rosabelle Raynor,University1,Professor12,VisitingProfessor7,University1,University1,Program5,University1
UndergraduateStudent128,64,terez.sugihara@netdove.net,http://9CH9Rg2IJ9xTC.com,-6879127728708631022,-4882502203626161094,Terez Sugihara,Diego Sitar,University1,Faculty9,AssociateProfessor13,University1,University1,Institute18,University1
UndergraduateStudent129,9,caz.roberto@fastmail.com,http://58ZtnDAaAvGRh.com,-1628043985225545271,5291934373928718737,Caz Roberto,Johnathan Currer,University1,Software60,Chair3,University1,University1,Organization1,University1
UndergraduateStudent130,27,shing-cheong.iguchi@msn.com,http://dKmvpUlmtjKbHQ.com,6949266494837318946,7673948018571919401,Shing-Cheong Iguchi,Zorana Barolet,University1,Work62,AssistantProfessor24,University1,University1,Program11,University1
UndergraduateStudent131,60,kath.partovi@aol.com,http://UE2YZeRlb.com,3961282233809302871,-1872119583068857705,Kath Partovi,Alfons Massumi,University1,Department4,Dean7,University1,University1,Organization1,University1
UndergraduateStudent132,55,henka.jatar@gmail.com,http://LRetw.com,-6150748910937413573,4139336263685104813,Henka Jatar,Lise Parsloe,University1,VisitingProfessor13,FullProfessor14,University1,University1,Department7,University1
UndergraduateStudent133,47,galen.ellington@gmx.net,http://dO4aaTAH0oojx.com,8941208735956300430,9036273421561939639,Galen Ellington,Joo-Geok Xpmbuilder,University1,VisitingProfessor5,FullProfessor19,University1,University1,Department3,University1
UndergraduateStudent134,50,apryle.sadri@netdove.net,http://kfHyrTS9gAM.com,1780701370856621104,-766816944446186647,Apryle Sadri,Ingrid Holdren,University1,SystemsStaff29,VisitingProfessor2,University1,University1,Organization1,University1
UndergraduateStudent135,23,gabrielle.iyengar@gmail.com,http://r2nBcAvF97QH.com,-41985298412906293,-2535077768871041775,Gabrielle Iyengar,Johann Kumamoto,University1,Employee76,AssistantProfessor22,University1,University1,Program2,University1
UndergraduateStudent136,51,corissa.beaudoin@hotmail.com,http://IgriS.com,-5262690161695789010,-2569505996939367419,Corissa Beaudoin,Madelin Peacemaker,University1,Organization1,Dean1,University1,University1,University1,University1
UndergraduateStudent137,26,cynthya.moxon@fastmail.com,http://5IFPGcCOD.com,5744760188845213293,-5244505111961485070,Cynthya Moxon,Zara Mcshane,University1,UnofficialPublication5,Dean20,University1,University1,Program2,University1
UndergraduateStudent138,74,zoenka.weston@fastmail.com,http://qNxsiWwprB28V.com,-1181487433845975301,-7804021874314875,Zoenka Weston,Karon Stability,University1,ResearchAssistant48,Dean5,University1,University1,Department2,University1
UndergraduateStudent139,35,sarajane.gowens@rocketmail.com,http://RYeER0lFAeUvy.com,-7802169514534514349,4129074764750786867,Sarajane Gowens,Zoe Deslauriers,University1,GraduateStudent245,AssistantProfessor17,University1,University1,Department1,University1
UndergraduateStudent140,41,costanza.tancordo@msn.com,http://EyodOtu.com,-8024812191857646390,8080906128062546391,Costanza Tancordo,Vyky SHOP,University1,Research163,VisitingProfessor2,University1,University1,Organization1,University1
UndergraduateStudent141,70,robena.fann@fastmail.com,http://Teu5XtxzR.com,-1853614597941957975,-1583937202280825141,Robena Fann,Tchangid Siddell,University1,Chair11,Chair11,University1,University1,College30,University1
UndergraduateStudent142,53,cordey.seamster@safe-mail.net,http://So1wJGDpQhmgXdz.com,-1779793480949278163,2916968991481121971,Cordey Seamster,Joellen Copeland,University1,Book17,VisitingProfessor4,University1,University1,Department3,University1
UndergraduateStudent143,37,cynthie.clendening@netdove.net,http://WMzllFA83v47IK.com,7212393471887392936,8186222598565580665,Cynthie Clendening,Raven Cakarevic,University1,Director7,Chair1,University1,University1,College76,University1
UndergraduateStudent144,18,vallipuram.clason@yahoo.com,http://847E9dXr.com,7078705736902426874,-4257211354281571908,Vallipuram Clason,Bnrtor Quintero,University1,Course29,Professor17,University1,University1,Program15,University1
UndergraduateStudent145,58,olusola.agnew@live.com,http://IZnH2BbQcKMw.com,4090531097088902545,7007227981237558536,Olusola Agnew,Ervin LeClaire,University1,Student98,FullProfessor1,University1,University1,Department5,University1
UndergraduateStudent146,39,node.bertini@netdove.net,http://NVJ9TaI.com,-6231985335269486415,-3489962245137859565,Node Bertini,Grier Mordy,University1,PostDoc14,VisitingProfessor8,University1,University1,Program5,University1
UndergraduateStudent147,15,jaymee.boatwright@aol.com,http://WCus7oEjlOI.com,2568384829579577391,8132885743833352254,Jaymee Boatwright,Gilbertine Beneda,University1,Research32,VisitingProfessor15,University1,University1,Institute11,University1
UndergraduateStudent148,39,floria.heilig@safe-mail.net,http://zNdlBIDycUa.com,4338891076518590570,2029165368596138865,Floria Heilig,Fianna Napert,University1,UnofficialPublication41,VisitingProfessor11,University1,University1,Program13,University1
UndergraduateStudent149,24,carter.o'rourke@rocketmail.com,http://kh4mZb5rU.com,2565547276576282493,-3536298975043195767,Carter O'Rourke,Cristiane Trivedi,University1,ClericalStaff18,VisitingProfessor9,University1,University1,University1,University1
UndergraduateStudent150,30,goldy.wefers@live.com,http://9BYxo50AseB.com,7159987790947188397,-5791655452065052723,Goldy Wefers,Logntp Sprott,University1,Course16,Chair4,University1,University1,Organization1,University1
UndergraduateStudent151,40,makam.maund@yahoo.com,http://II4bKvdkyiMrsq.com,-76424698530510740,-3810340625412370546,Makam Maund,Dale Jcst,University1,Article32,AssistantProfessor7,University1,University1,Organization1,University1
UndergraduateStudent152,57,gus.barton@yahoo.com,http://RlVNEdnszfZ.com,8480409260599602626,1040469393927220969,Gus Barton,Collette Rangooni,University1,Publication104,Chair14,University1,University1,College51,University1
UndergraduateStudent153,39,izumi.khadbai@mail.com,http://IdZRK.com,-4731283319223685449,-3666350385252756929,Izumi Khadbai,Mariska Zani,University1,SystemsStaff16,FullProfessor14,University1,University1,College18,University1
UndergraduateStudent154,18,mercedes.strannemar@gmail.com,http://O5ekBoD.com,-3198056894528335990,-3475029217581274909,Mercedes Strannemar,Cuong Ryall,University1,ResearchAssistant21,Professor10,University1,University1,Program7,University1
UndergraduateStudent155,43,goldia.production@aol.com,http://Ds7AvOsC.com,156592316722362420,5051559995367120212,Goldia Production,Alvin Taranto,University1,Organization1,AssociateProfessor8,University1,University1,Program14,University1
UndergraduateStudent156,46,cristian.matalon@rocketmail.com,http://i3rjerCfsRuknxe.com,530188204424585957,-1136194317454230205,Cristian Matalon,Gabriella Hudecek,University1,Student384,AssistantProfessor12,University1,University1,Organization1,University1
UndergraduateStudent157,67,avinash.fredette@safe-mail.net,http://kATGa6OqyL5.com,2017071502957997764,-3797542258168269480,Avinash Fredette,Kusum Peckett,University1,Publication182,Chair2,University1,University1,Institute4,University1
UndergraduateStudent158,29,consuela.streight@gmail.com,http://Ka9rYg.com,-8355291913532270764,-532628271571630394,Consuela Streight,Koo Weddell,University1,SystemsStaff7,Chair10,University1,University1,Institute11,University1
UndergraduateStudent159,58,starr.blackburn@rocketmail.com,http://uhAoypLKQdsOF5d.com,-1442970323728075140,7094146583666558161,Starr Blackburn,Deena Loyola,University1,Faculty14,Dean18,University1,University1,University1,University1
UndergraduateStudent160,46,marc-andre.lindt@msn.com,http://Sd05i6.com,2306407198177183966,6751174673118939802,Marc-Andre Lindt,Catarina Ukena,University1,Program3,AssistantProfessor25,University1,University1,ResearchGroup6,University1
UndergraduateStudent161,9,jack.scarffe@gmx.net,http://fvL43kx1jW.com,8155123174009081072,-2129332605095571518,Jack Scarffe,Gracomda Desourdy,University1,Article32,Dean3,University1,University1,University1,University1
UndergraduateStudent162,19,brenda.mckeague@netdove.net,http://ODe1ZHCTxGY4Q.com,-6991124192189961071,444077845643642639,Brenda McKeague,Arif Bradee,University1,Manual57,AssistantProfessor10,University1,University1,Program11,University1
UndergraduateStudent163,34,marie-nadine.crumpton@msn.com,http://bQG12jOwbudIJ3.com,-5990909321748518091,-4768562422683374193,Marie-Nadine Crumpton,Mietek Dancy,University1,Specification3,Chair10,University1,University1,Program9,University1
UndergraduateStudent164,41,pulak.hench@live.com,http://v2KyV4wK.com,6367166249774316079,-30866554446216893,Pulak Hench,Field Willcox,University1,ResearchAssistant32,VisitingProfessor15,University1,University1,Program13,University1
UndergraduateStudent165,19,jenson.chitnis@hotmail.com,http://6w1htFPLziJ.com,1512171968628835616,-630805853509340211,Jenson Chitnis,Eada Sheaffer,University1,University1,AssistantProfessor3,University1,University1,Program3,University1
UndergraduateStudent166,17,fqa.suzuki@aim.com,http://2GscVdfZ.com,5300012408274572636,-5291199388946546755,Fqa Suzuki,Colly Zagorsek,University1,TeachingAssistant26,VisitingProfessor8,University1,University1,Department7,University1
UndergraduateStudent167,28,camile.addison@live.com,http://00vEf0Ml061y.com,3946079051748838035,1648960671436204829,Camile Addison,Orlando Payne,University1,AdministrativeStaff13,VisitingProfessor9,University1,University1,ResearchGroup2,University1
UndergraduateStudent168,62,gord.tracey-mccabe@fastmail.com,http://uNvPWaX.com,1195447742685017151,7548661330109789453,Gord Tracey-McCabe,Athar Saed,University1,SystemsStaff16,FullProfessor4,University1,University1,Institute3,University1
UndergraduateStudent169,37,kien.bloemker@netdove.net,http://PiJ1v4TmvDNDNrR.com,-532715589604805256,-5274892973766930934,Kien Bloemker,Cherrita Azizuddin,University1,Work33,AssistantProfessor12,University1,University1,Department6,University1
UndergraduateStudent170,25,jagjeet.abbate@netdove.net,http://hUCgrF.com,4436606618307530215,7594917125643134503,Jagjeet Abbate,Pet McKibbin,University1,ClericalStaff13,AssociateProfessor15,University1,University1,Organization1,University1
UndergraduateStudent171,49,charleen.hally@gmx.net,http://RiNVreTSg5iCrM7.com,-7356421226118337835,6686737193328450795,Charleen Hally,Jagriti Anconetani,University1,Schedule18,AssociateProfessor15,University1,University1,College1,University1
UndergraduateStudent172,50,leandra.higham@gmx.net,http://hhQFy.com,4685107860138991348,-1670694006775775201,Leandra Higham,Elizabet Sysadmin,University1,UndergraduateStudent77,Professor6,University1,University1,Department1,University1
UndergraduateStudent173,51,mollie.brouthillier@hush.com,http://qJsd81VN.com,-518082821844155129,-6704531674407108601,Mollie Brouthillier,Cassondra Ghatta,University1,Work72,Chair2,University1,University1,University1,University1
UndergraduateStudent174,43,phillis.guthro@aim.com,http://GtUoUkrGjzr7yg.com,-2556633396416398424,3999527427705414964,Phillis Guthro,Alwyn Toscano,University1,University1,FullProfessor13,University1,University1,Institute12,University1
UndergraduateStudent175,17,brit.dupre@rocketmail.com,http://0XUT54w8I3.com,-3414066991802988206,2988982318763458306,Brit Dupre,Evan Demarest,University1,Book16,Professor13,University1,University1,Organization1,University1
UndergraduateStudent176,24,ravinder.rioux@hotmail.com,http://kZbgo9.com,-7621716326351820565,2021557064134421623,Ravinder Rioux,Pierre-Alain Alikhan,University1,Publication80,Professor10,University1,University1,College54,University1
UndergraduateStudent177,33,steffi.homonick@outlook.com,http://HFW3Vi.com,-5917094381216615748,-6971810509804463017,Steffi Homonick,Antoni Vennos,University1,Person413,AssistantProfessor1,University1,University1,Institute11,University1
UndergraduateStudent178,35,marrilee.chirachanchai@msn.com,http://3avw8WC.com,-8723581946662545951,7787647129957691147,Marrilee Chirachanchai,Jurgen Tinney,University1,UndergraduateStudent195,VisitingProfessor2,University1,University1,Organization1,University1
UndergraduateStudent179,32,amrish.newby@live.com,http://akcGFQpjjWLWMBo.com,8235454651957758645,-2766827510843199729,Amrish Newby,Dowell Larabie,University1,Faculty11,FullProfessor14,University1,University1,Organization1,University1
UndergraduateStudent180,50,laina.gosset@aim.com,http://DWa7KTCuZFbY9QT.com,-8823069361403514450,8375506802362446859,Laina Gosset,Conserving MacDuff,University1,ClericalStaff10,FullProfessor16,University1,University1,Organization1,University1
UndergraduateStudent181,25,mercer.mortimer@mail.com,http://JlKcavzyXEndMPN.com,-8242293599986884979,2478949495197890557,Mercer Mortimer,Georganne Ledu,University1,JournalArticle87,VisitingProfessor5,University1,University1,Program20,University1
UndergraduateStudent182,21,gianna.sampaleanu@safe-mail.net,http://OdfKadJNmRR9rg.com,-1564532496066976744,-2925536432987325022,Gianna Sampaleanu,Joannes Rygwalski,University1,Article8,Chair2,University1,University1,College78,University1
UndergraduateStudent183,73,patching.wahab@gmx.net,http://HqITaNl5WwjQ.com,6247508337286114700,-7980509069469689247,Patching Wahab,Karyn Mui,University1,TechnicalReport15,AssociateProfessor19,University1,University1,Program16,University1
UndergraduateStudent184,51,pris.tester@msn.com,http://bldeCtIc.com,3727238378076898871,-5373528275833955860,Pris Tester,Alli Abdul-Nour,University1,Institute14,Chair10,University1,University1,Department3,University1
UndergraduateStudent185,46,clarette.washburn@msn.com,http://ePzErN0x.com,7590810365866276046,5499798359890277975,Clarette Washburn,Kamyar Galdwin,University1,Person256,AssociateProfessor12,University1,University1,ResearchGroup11,University1
UndergraduateStudent186,36,rora.whitwam@aol.com,http://aIh2bo.com,628645321201828804,-7755945783046975249,Rora Whitwam,Caria Madan,University1,UndergraduateStudent190,VisitingProfessor10,University1,University1,ResearchGroup11,University1
UndergraduateStudent187,45,merry.beshir@mail.com,http://H4NF0R.com,7246502881581364212,1493238116890414253,Merry Beshir,Odille Dewitt,University1,Professor10,Professor12,University1,University1,Program1,University1
UndergraduateStudent188,49,tamma.wennerstrom@gmail.com,http://Kp9Ykabnm4218Ka.com,8549916122926215097,-1926875219270481211,Tamma Wennerstrom,Angelie Blenkarn,University1,Department7,Chair5,University1,University1,College97,University1
UndergraduateStudent189,16,debora.unitt@aim.com,http://F9KXQaiN.com,2467144785198563668,3653526689737954182,Debora Unitt,Celina Blair,University1,FullProfessor15,FullProfessor9,University1,University1,University1,University1
UndergraduateStudent190,50,duke.fitzpatrick@hush.com,http://dprx5Y1hn.com,-6850910239861634853,-2035329640706478343,Duke Fitzpatrick,Mike Sheergar,University1,Manual58,FullProfessor9,University1,University1,Department5,University1
UndergraduateStudent191,59,elianora.haggarty@rocketmail.com,http://kdyDBd.com,2674672376079677469,7061571936626499193,Elianora Haggarty,Usrouter Tadge,University1,ConferencePaper107,FullProfessor12,University1,University1,College7,University1
UndergraduateStudent192,53,lizette.valenta@gmail.com,http://S8Xgav9e8B7SpjB.com,-1530498310020012361,5827301819103703846,Lizette Valenta,Cosimo Ruest,University1,University1,FullProfessor2,University1,University1,Department7,University1
UndergraduateStudent193,17,sioux.parham@hush.com,http://06OH4Zq9nfVB1ZD.com,4594879537347326009,1866245886806632812,Sioux Parham,Jinny Hockaday,University1,College26,AssociateProfessor13,University1,University1,College8,University1
UndergraduateStudent194,59,lezlie.piette@fastmail.com,http://anttrNx7.com,-2938290903686305732,-8641436441060692609,Lezlie Piette,Auberta Conrad,University1,JournalArticle79,Chair13,University1,University1,Department1,University1
UndergraduateStudent195,10,ram.clendening@hush.com,http://ilxUapZo.com,3534036946008496864,8878416494937712920,Ram Clendening,Goran Menashian,University1,UnofficialPublication8,VisitingProfessor15,University1,University1,Department2,University1
UndergraduateStudent196,70,gennifer.rheault@hotmail.com,http://AHUUFWUyEQy59.com,-1595241235976071553,8573862813780431219,Gennifer Rheault,Kataryna Luciani,University1,AdministrativeStaff23,Professor6,University1,University1,University1,University1
UndergraduateStudent197,41,emelda.farnum@mail.com,http://fd8L6gCQ77E.com,-326376995759782152,179815326943401089,Emelda Farnum,Terri-jo Glazer,University1,Professor3,Professor2,University1,University1,Institute1,University1
UndergraduateStudent198,42,kimmy.branham@rocketmail.com,http://r1UQt.com,-4807494300591021740,2073890777063224256,Kimmy Branham,Yudy Perlmutter,University1,GraduateCourse5,Chair2,University1,University1,Program11,University1
UndergraduateStudent199,25,dido.gillard@safe-mail.net,http://EZXAj1avbi.com,6331966060262131994,-7996124919104777194,Dido Gillard,Muffin Joannis,University1,Specification11,Chair15,University1,University1,University1,University1
UndergraduateStudent200,40,rasla.timtschenko@outlook.com,http://lNrbcq5lC3G.com,3180326815398861881,5604185708742052713,Rasla Timtschenko,Partap McInnis,University1,ResearchGroup4,FullProfessor14,University1,University1,ResearchGroup10,University1
