Work1,http://g6uJ0vmORd.com,8453145762093999185,fitness instructor,VisitingProfessor10
Work2,http://QpbjI6.com,-4819435447179071681,paramedic,Manual13
Work3,http://Bex2DKhz7t.com,-8425878538113623816,systems administrator,PostDoc10
Work4,http://ouTO1.com,-7312048558384324246,chemist,Program14
Work5,http://aw52ghuR.com,-5426057455591756024,physiotherapist,Chair6
Work6,http://26HIN4nGdsyV.com,6186723019437750176,research scientist,Employee36
Work7,http://JUgyq99k7a.com,-5264704683865549529,dentist,University1
Work8,http://QV4PztJ9NXxQL1.com,742018955394371200,shop assistant,Article41
Work9,http://va1E4dS.com,6970930336667326958,graphic artist/designer,Lecturer25
Work10,http://9IgE9c.com,1517133492619419197,childcare assistant,JournalArticle140
Work11,http://MkPiN5B.com,6758014195933745169,systems administrator,Schedule11
Work12,http://XQ0Z2N7H.com,4717355723295868789,web developer,Software42
Work13,http://AVL8luj8oP.com,6845619865752912086,fitness instructor,Person385
Work14,http://cMXBDBYwc6d9.com,6943843447096069591,tour guide,AssistantProfessor15
Work15,http://0beTGNshv6wly.com,8059719342717071565,tour guide,AssistantProfessor3
Work16,http://2hkAGvEiZ3O7w.com,-2472223692048530926,cosmetician,Chair10
Work17,http://WsYqXWzIdoFyFmV.com,-2862045002133034373,dentist,Employee16
Work18,http://IPfafg.com,9029067370267481796,florist,ResearchAssistant31
Work19,http://uRM3e3o4bKeG.com,-632539223476439058,chef,Course15
Work20,http://BmrxT.com,6735170310226140633,waiter/waitress,Professor17
Work21,http://VAGWydpuqUdz5b.com,2864547093845821081,web developer,AssociateProfessor2
Work22,http://Kw4tEgCdx.com,4829616634301836218,web designer,Employee51
Work23,http://xSCg7.com,7354139431918069906,tour guide,Book6
Work24,http://zcpsKSanoLZhPZ.com,6172800819608394394,carpenter,Work18
Work25,http://FN4pLXu.com,-7856241023328156671,web developer,AssociateProfessor2
Work26,http://nX6XYC0B1O0.com,2383791911313641646,make-up artist,ClericalStaff13
Work27,http://cD1uJFfiB5cE.com,-8151952557498244805,dentist,Employee1
Work28,http://VX4S7M7DoX.com,-1869859556503774210,tour guide,University1
Work29,http://XtcSbFek.com,-7511202380505463291,paramedic,Specification10
Work30,http://WDPQdIqIT9FspB.com,-5254829320244422871,systems administrator,TechnicalReport56
Work31,http://ZeyPWtVB2zD.com,-364202398886423663,construction worker,JournalArticle101
Work32,http://GiCUdHz.com,6291209254930479580,chemist,Software18
Work33,http://mR7W7VK0gocHt.com,-1941738564329071354,programmer,Department2
Work34,http://jrvA8xI6.com,2436013028758035443,programmer,TechnicalReport44
Work35,http://rbDnpAbX.com,-792901493720637929,tiler,Student160
Work36,http://UtnysS.com,7209986996967338604,gardener,ConferencePaper82
Work37,http://1kQddk4dF77n.com,7255069249862703605,vet,Schedule5
Work38,http://YWP0Agj0XLhqI9.com,8330235446456691887,systems analyst,Schedule13
Work39,http://gL2DbO5rBFBgw.com,2412488359564406129,vet,Program1
Work40,http://0cBff.com,-8531411480685967057,childcare assistant,Director1
Work41,http://AIfw70e.com,-2415045459439195204,cosmetician,College64
Work42,http://hzQdwYtO1gn141.com,1853782011654350626,fitness instructor,JournalArticle105
Work43,http://mCYeK6hCW.com,1683983664297402467,research scientist,Lecturer14
Work44,http://fakJCnb0jZzt2Y.com,3323302282030260038,shop assistant,Professor4
Work45,http://IvNeLi3BG18.com,-4025020658198449786,graphic artist/designer,VisitingProfessor4
Work46,http://PSExbH.com,-1319197123331822660,research scientist,AssistantProfessor11
Work47,http://RgpsAbczxSNQMb.com,-130004587644007367,tour guide,ConferencePaper139
Work48,http://KoccjoyGQn.com,4922595583215298246,secretary,UndergraduateStudent27
Work49,http://9rahdnBQOCnWa.com,-1398029469873655257,systems administrator,SystemsStaff23
Work50,http://I4R2rfy8FsmDaW.com,-5484197992593781659,systems administrator,Article2
Work51,http://Gn7P5MunbAAta6.com,2846129112395012229,shop assistant,Dean5
Work52,http://9ctPmLIU6aEL3.com,2419945737976290543,jounalist,Director15
Work53,http://klbqpf.com,7696728893994208040,florist,AssociateProfessor19
Work54,http://ahqxdo7Cdu.com,6046459500043494019,tour guide,University1
Work55,http://RIF1VlQ1.com,-7872420258763579013,taxi/cab driver,SystemsStaff19
Work56,http://wsU8yM1DlKmRovB.com,9070183883424515170,undertaker,AssistantProfessor16
Work57,http://eIknrmvQ.com,-332700696456224593,childcare assistant,TeachingAssistant29
Work58,http://IN6TybM.com,749432508269249749,coach,TechnicalReport59
Work59,http://P1vclspjlRD4b.com,4410529135491049771,make-up artist,ConferencePaper134
Work60,http://ib65fc.com,1767045087713111113,secretary,GraduateStudent5
Work61,http://hXLP2LMXz.com,-2135609490083349829,make-up artist,JournalArticle75
Work62,http://Sax6Hhgp9UGT.com,-2188944307313472992,pilot,Publication116
Work63,http://B2Kbd4Q6X7PW.com,583188799519963707,research scientist,VisitingProfessor2
Work64,http://4tn0GxKkGuPV.com,-4077445793245243479,teacher,GraduateStudent134
Work65,http://Qj8p5zKFToqAg.com,8257303597220696004,web developer,GraduateCourse14
Work66,http://AiEJPSdRM3BbiVV.com,6872924807372149858,truck driver,FullProfessor13
Work67,http://E99Xqrm96TaP.com,6864604057271153534,fitness instructor,Department3
Work68,http://XL5mR0N5iB.com,-6184882478545486422,childcare assistant,ResearchAssistant15
Work69,http://u22OkV6p.com,-6447992163540648741,chemist,GraduateStudent235
Work70,http://FEMcs7vUfa6.com,-232382474665034035,research scientist,GraduateCourse6
Work71,http://eo4M0NnFiMeS.com,4676914923807587556,graphic artist/designer,Manual18
Work72,http://i9mWcbaKkgbD.com,-4158402185092556120,teacher,Course12
Work73,http://6hHvUJl.com,8907809683924039883,cosmetician,Publication146
Work74,http://LvnWBB6s.com,7723987656387559291,systems administrator,AssociateProfessor17
Work75,http://LufigHu7bbzeg.com,-1981489289259545039,vet,Dean17
Work76,http://NTALpR5GzsKa0A.com,-6749228022580906677,bus driver,Research79
Work77,http://sZaWV7L4pROst.com,6512689452621809427,physiotherapist,Article43
Work78,http://P9ZOktbRXuQVblZ.com,7273349969586371375,physiotherapist,Student157
Work79,http://XKyWsOV1yeEO7.com,5373706736050249906,taxi/cab driver,Publication29
Work80,http://mzQy56onG.com,-6671708585327918602,jounalist,Student350
Work81,http://7wh224MKN.com,7918511619752195579,tiler,ClericalStaff14
Work82,http://sPcKcr5cA3Ckpiu.com,-4472797576827731596,graphic artist/designer,Faculty14
Work83,http://bBytpfm.com,-28635591612805723,tiler,Research158
Work84,http://Ww9xo.com,-5972987698920252905,taxi/cab driver,Lecturer9
Work85,http://hGKWIp0Ms5qj9hX.com,292944174837085600,chemist,AdministrativeStaff18
Work86,http://bAJdTc37gJ.com,-1669222242484744742,mechanic,Course14
Work87,http://TRQgxnux1.com,7831552596272118701,systems analyst,UndergraduateStudent6
Work88,http://gkt3PF4Mms.com,320637644005968744,customer adviser,Work38
Work89,http://3CayR.com,-5559671606990537874,pilot,Faculty4
Work90,http://OuWIhqK0HK.com,5678564030455011479,fitness instructor,ClericalStaff15
